GlucoseInternalTime,GlucoseValue
1447060046.0,4.38
1447060346.0,4.22
1447060646.0,3.83
1447060946.0,3.44
1447061246.0,3.22
1447061546.0,3.11
1447061846.0,3.16
1447062146.0,2.77
1447062446.0,2.44
1447062746.0,2
1447063046.0,2
1447063346.0,2
1447063646.0,2
1447063946.0,2
1447064246.0,2
1447064546.0,2
1447064846.0,2
1447065146.0,2
1447065446.0,2.22
1447065746.0,2.39
1447066046.0,2.66
1447066346.0,2.94
1447066646.0,3.22
1447066946.0,3.44
1447067246.0,3.66
1447067546.0,4.05
1447067846.0,4.33
1447068146.0,4.55
1447068446.0,4.77
1447068746.0,4.83
1447069046.0,4.94
1447069346.0,5.27
1447069646.0,5.72
1447069946.0,5.99
1447070246.0,6.10
1447070546.0,5.88
1447070846.0,5.72
1447071146.0,5.60
1447071446.0,5.88
1447071746.0,5.99
1447072046.0,6.10
1447072346.0,6.16
1447072646.0,5.94
1447072946.0,5.72
1447073246.0,5.88
1447073546.0,5.94
1447073846.0,5.94
1447074146.0,5.83
1447074446.0,5.83
1447074746.0,5.72
1447075046.0,5.66
1447075346.0,5.55
1447075646.0,5.44
1447075946.0,5.44
1447076246.0,5.44
1447076546.0,5.66
1447076846.0,5.77
1447077146.0,5.77
1447077446.0,5.66
1447077746.0,5.38
1447078046.0,4.88
1447078346.0,4.83
1447078646.0,4.99
1447078946.0,4.88
1447079246.0,4.99
1447079546.0,5.11
1447079846.0,5.11
1447080146.0,5.05
1447080446.0,4.88
1447080746.0,4.88
1447081046.0,4.72
1447081346.0,4.77
1447081646.0,4.66
1447081946.0,4.44
1447082246.0,4.44
1447082546.0,4.33
1447082846.0,4.05
1447083146.0,4.05
1447083446.0,4.05
1447083746.0,4.05
1447084045.0,4.00
1447084345.0,3.88
1447084645.0,5.22
1447084946.0,5.44
1447085245.0,5.11
1447085545.0,5.16
1447085845.0,5.22
1447086146.0,5.49
1447086446.0,5.44
1447086745.0,5.22
1447087045.0,5.05
1447087346.0,4.99
1447087645.0,5.05
1447087945.0,4.72
1447088245.0,4.50
1447088545.0,4.44
1447088845.0,4.55
1447089145.0,4.99
1447089446.0,5.27
1447089745.0,5.38
1447090045.0,5.27
1447090345.0,4.94
1447090645.0,4.72
1447090945.0,4.94
1447091245.0,4.88
1447091545.0,5.16
1447091845.0,5.77
1447092145.0,6.49
1447092445.0,7.05
1447092745.0,7.44
1447093045.0,7.77
1447093345.0,7.94
1447093645.0,7.77
1447093946.0,7.38
1447094245.0,6.71
1447094545.0,6.05
1447094845.0,5.33
1447095146.0,4.66
1447095446.0,3.22
1447095745.0,2.89
1447096045.0,2.61
1447096345.0,2.33
1447096645.0,2.22
1447096945.0,2.22
1447097245.0,2.50
1447097545.0,2.39
1447097845.0,2.77
1447098145.0,3.33
1447098445.0,3.88
1447098745.0,4.38
1447099045.0,4.77
1447099346.0,5.44
1447099645.0,5.66
1447099945.0,5.99
1447100245.0,6.44
1447100545.0,6.77
1447100845.0,7.33
1447101145.0,7.16
1447101445.0,7.05
1447101745.0,6.94
1447102045.0,7.05
1447102345.0,6.99
1447102645.0,6.88
1447102945.0,6.77
1447103245.0,6.66
1447103545.0,6.60
1447103845.0,6.49
1447104145.0,6.44
1447104445.0,6.33
1447104745.0,6.38
1447105045.0,6.27
1447105345.0,6.49
1447105645.0,6.99
1447105945.0,7.60
1447106245.0,8.16
1447106545.0,8.71
1447106845.0,9.16
1447107145.0,9.54
1447107445.0,9.99
1447107745.0,10.16
1447108045.0,9.93
1447108345.0,9.60
1447108645.0,9.32
1447108945.0,8.99
1447109245.0,8.71
1447109545.0,8.44
1447109845.0,8.38
1447110145.0,8.10
1447110445.0,7.82
1447110745.0,7.60
1447111045.0,7.49
1447111345.0,7.60
1447111645.0,7.38
1447111945.0,6.83
1447112245.0,7.10
1447112545.0,6.55
1447112845.0,5.83
1447113145.0,5.05
1447113445.0,4.44
1447113745.0,3.94
1447114045.0,3.94
1447114345.0,4.27
1447114645.0,4.11
1447114945.0,3.88
1447115245.0,3.55
1447115545.0,3.33
1447115845.0,3.22
1447116145.0,3.00
1447116445.0,3.00
1447116745.0,3.16
1447117045.0,3.11
1447117345.0,3.50
1447117645.0,4.16
1447117945.0,5.11
1447118245.0,6.05
1447118545.0,6.94
1447118845.0,7.66
1447119145.0,8.38
1447119445.0,10.49
1447119745.0,10.77
1447120045.0,11.15
1447120345.0,11.32
1447120645.0,11.43
1447120945.0,11.38
1447121245.0,11.32
1447121545.0,11.04
1447121845.0,10.99
1447122145.0,11.04
1447122445.0,10.65
1447122745.0,10.21
1447123045.0,10.10
1447123345.0,10.10
1447123645.0,10.04
1447123945.0,9.82
1447124245.0,9.60
1447124544.0,9.60
1447124844.0,9.54
1447125144.0,9.49
1447125444.0,9.43
1447125744.0,9.38
1447126044.0,9.54
1447126344.0,9.60
1447126644.0,9.66
1447126944.0,9.71
1447127244.0,9.82
1447127544.0,9.82
1447127844.0,9.77
1447128144.0,9.49
1447128444.0,9.43
1447128744.0,9.38
1447129044.0,9.49
1447129344.0,9.43
1447129644.0,9.32
1447129944.0,9.10
1447130244.0,8.55
1447130544.0,7.66
1447130844.0,7.49
1447131144.0,7.27
1447131444.0,7.05
1447131744.0,6.71
1447132044.0,6.44
1447132344.0,6.16
1447132644.0,6.05
1447132944.0,5.83
1447133244.0,5.60
1447133544.0,5.72
1447133844.0,5.83
1447134144.0,5.99
1447134444.0,6.05
1447134744.0,6.16
1447135044.0,6.10
1447135344.0,6.05
1447135644.0,6.05
1447135944.0,6.10
1447136244.0,6.05
1447136544.0,5.94
1447136844.0,5.88
1447137144.0,5.94
1447137444.0,5.99
1447137744.0,5.99
1447138044.0,6.10
1447138344.0,6.10
1447138644.0,5.88
1447138944.0,5.94
1447139244.0,5.99
1447139544.0,5.99
1447139844.0,5.99
1447140144.0,5.99
1447140444.0,5.99
1447140744.0,6.27
1447141044.0,6.55
1447141344.0,6.71
1447141644.0,7.16
1447141944.0,7.66
1447142244.0,7.88
1447142544.0,7.55
1447142844.0,7.71
1447143144.0,7.99
1447143444.0,8.27
1447143744.0,8.60
1447144044.0,8.93
1447144344.0,9.27
1447144644.0,9.60
1447144944.0,9.88
1447145244.0,10.16
1447145544.0,10.43
1447145844.0,10.82
1447146144.0,10.54
1447146444.0,10.60
1447146744.0,10.43
1447147044.0,10.16
1447147344.0,9.88
1447147644.0,9.88
1447147944.0,9.93
1447148244.0,9.99
1447148544.0,9.99
1447148844.0,9.88
1447149144.0,9.77
1447149444.0,9.77
1447149744.0,9.99
1447150044.0,10.32
1447150344.0,10.65
1447150644.0,10.82
1447150944.0,10.88
1447151244.0,10.82
1447151544.0,10.82
1447151844.0,10.82
1447152144.0,10.77
1447152444.0,10.82
1447152744.0,10.88
1447153044.0,10.93
1447153344.0,10.99
1447153644.0,11.10
1447153944.0,11.15
1447154244.0,11.21
1447154544.0,11.32
1447154844.0,11.27
1447163243.0,10.82
1447163543.0,10.71
1447163843.0,10.54
1447164143.0,10.43
1447164443.0,10.32
1447164743.0,10.27
1447165043.0,10.21
1447165343.0,10.21
1447165643.0,10.21
1447165943.0,10.16
1447166243.0,9.82
1447166543.0,9.93
1447166843.0,10.10
1447167144.0,10.04
1447167443.0,10.04
1447167743.0,10.16
1447168043.0,10.27
1447168343.0,10.21
1447168643.0,10.21
1447168943.0,10.10
1447169243.0,10.04
1447169543.0,9.88
1447169843.0,9.88
1447170143.0,9.82
1447170443.0,9.88
1447170744.0,9.99
1447171043.0,9.99
1447171343.0,9.82
1447171643.0,9.66
1447171943.0,9.49
1447172243.0,9.27
1447172543.0,11.82
1447172843.0,11.54
1447173143.0,11.99
1447173443.0,12.04
1447173743.0,12.10
1447174043.0,12.04
1447174343.0,11.76
1447174643.0,11.43
1447174943.0,11.21
1447175243.0,10.99
1447175543.0,10.71
1447175843.0,10.65
1447176143.0,10.43
1447176443.0,10.27
1447176743.0,10.10
1447177043.0,10.16
1447177343.0,10.27
1447177643.0,10.32
1447177943.0,10.21
1447178243.0,9.93
1447178543.0,9.49
1447178843.0,8.82
1447179143.0,8.32
1447179443.0,8.10
1447179743.0,7.99
1447180043.0,7.88
1447180343.0,7.88
1447180643.0,7.82
1447180943.0,7.66
1447181243.0,7.55
1447181543.0,7.49
1447181843.0,7.49
1447182143.0,7.38
1447182443.0,7.27
1447182743.0,6.94
1447183043.0,6.38
1447183343.0,5.55
1447183643.0,4.99
1447183943.0,4.72
1447184243.0,4.55
1447184543.0,4.44
1447184843.0,4.33
1447185143.0,4.27
1447185443.0,4.33
1447185743.0,4.50
1447186043.0,4.55
1447186343.0,4.44
1447186643.0,4.27
1447186943.0,4.22
1447187243.0,4.27
1447187543.0,4.33
1447187843.0,4.44
1447188143.0,4.55
1447188443.0,4.66
1447188743.0,4.61
1447189043.0,4.72
1447189343.0,4.61
1447189643.0,4.77
1447189943.0,4.99
1447190243.0,5.60
1447190543.0,6.22
1447190843.0,7.16
1447191143.0,6.55
1447191443.0,7.10
1447191743.0,7.38
1447192043.0,7.27
1447192343.0,7.10
1447192643.0,6.88
1447192943.0,6.77
1447193243.0,6.66
1447193543.0,5.83
1447193843.0,5.49
1447194143.0,5.11
1447194443.0,4.77
1447194743.0,4.55
1447195043.0,4.44
1447195343.0,4.33
1447195643.0,4.22
1447195943.0,4.11
1447196243.0,4.00
1447196543.0,3.83
1447196843.0,3.77
1447197143.0,3.88
1447197443.0,4.00
1447197743.0,4.22
1447198043.0,4.33
1447198343.0,4.33
1447198643.0,4.38
1447198943.0,4.44
1447199243.0,4.33
1447199543.0,4.22
1447199843.0,4.11
1447200143.0,3.88
1447200443.0,3.83
1447200743.0,3.66
1447201043.0,3.55
1447201343.0,3.55
1447201643.0,3.50
1447201943.0,3.33
1447202243.0,3.22
1447202543.0,3.33
1447202843.0,3.50
1447203143.0,3.77
1447203443.0,3.94
1447203743.0,4.66
1447204043.0,5.16
1447204343.0,5.72
1447204642.0,6.49
1447204942.0,7.27
1447205242.0,8.16
1447205542.0,9.16
1447205842.0,10.04
1447206143.0,11.04
1447206443.0,11.76
1447206742.0,12.49
1447207042.0,12.82
1447207342.0,12.76
1447207642.0,13.04
1447207942.0,13.37
1447208243.0,13.43
1447208543.0,13.04
1447208843.0,12.99
1447209142.0,12.71
1447209442.0,12.43
1447209742.0,12.26
1447210042.0,12.26
1447210342.0,12.10
1447210642.0,11.88
1447210942.0,11.54
1447211242.0,10.93
1447211542.0,9.99
1447211843.0,8.93
1447212142.0,7.88
1447212442.0,7.05
1447212742.0,6.44
1447213042.0,5.99
1447213342.0,5.77
1447213642.0,5.49
1447213943.0,5.16
1447214242.0,4.99
1447214542.0,4.88
1447214842.0,4.72
1447215142.0,4.44
1447215442.0,4.27
1447215742.0,4.11
1447216042.0,3.88
1447216342.0,3.50
1447216642.0,3.11
1447216942.0,2.66
1447217242.0,2.44
1447217542.0,2.50
1447217842.0,2.50
1447218142.0,2.72
1447218442.0,3.44
1447218742.0,4.61
1447219042.0,5.99
1447219342.0,7.27
1447219642.0,8.05
1447219942.0,8.27
1447220242.0,8.10
1447220542.0,7.82
1447220842.0,7.71
1447221142.0,7.71
1447221442.0,7.94
1447221742.0,8.66
1447222042.0,8.82
1447222342.0,8.82
1447222642.0,8.88
1447222942.0,8.77
1447223242.0,8.60
1447223542.0,8.49
1447223842.0,8.49
1447224142.0,8.55
1447224442.0,8.38
1447224742.0,8.10
1447225042.0,8.16
1447225342.0,8.27
1447225642.0,8.55
1447225942.0,8.82
1447226242.0,8.93
1447226542.0,9.10
1447226842.0,9.32
1447227142.0,9.27
1447227442.0,9.49
1447227742.0,9.71
1447228042.0,10.21
1447228342.0,10.38
1447228642.0,10.77
1447228942.0,10.88
1447229242.0,10.99
1447229542.0,10.88
1447229842.0,10.60
1447230142.0,10.21
1447230442.0,10.04
1447230742.0,10.04
1447231042.0,10.04
1447231342.0,10.04
1447231642.0,10.04
1447231942.0,9.88
1447232242.0,9.71
1447232542.0,9.60
1447232842.0,9.77
1447233142.0,9.71
1447233442.0,9.60
1447233742.0,9.99
1447234042.0,10.16
1447234342.0,10.04
1447234642.0,9.88
1447234942.0,9.82
1447235242.0,9.93
1447235542.0,10.10
1447235842.0,10.32
1447236142.0,10.43
1447236442.0,10.54
1447236742.0,10.60
1447237042.0,10.60
1447237342.0,10.54
1447237642.0,10.49
1447237942.0,10.43
1447238242.0,9.66
1447238542.0,9.60
1447238842.0,9.88
1447239142.0,9.71
1447239442.0,9.71
1447239742.0,9.77
1447240042.0,9.71
1447240342.0,9.60
1447240642.0,9.93
1447240942.0,10.16
1447241242.0,10.21
1447241542.0,10.27
1447241842.0,10.27
1447242142.0,10.10
1447242442.0,10.04
1447242742.0,10.10
1447243042.0,10.10
1447243342.0,10.10
1447243642.0,10.04
1447243942.0,9.71
1447244242.0,9.71
1447244542.0,9.82
1447244842.0,9.82
1447245142.0,9.88
1447245442.0,10.10
1447245742.0,10.16
1447246042.0,10.27
1447246342.0,10.21
1447246642.0,10.10
1447246942.0,9.99
1447247241.0,9.99
1447247541.0,9.77
1447247841.0,9.77
1447248141.0,9.71
1447248441.0,9.71
1447248741.0,9.77
1447249042.0,9.82
1447249341.0,9.82
1447249641.0,9.88
1447249941.0,9.88
1447250241.0,9.93
1447250541.0,10.04
1447250841.0,10.21
1447251141.0,10.10
1447251442.0,10.16
1447251741.0,10.54
1447252041.0,10.65
1447252341.0,10.77
1447252641.0,10.77
1447252941.0,10.77
1447253241.0,9.71
1447253541.0,9.88
1447253841.0,9.82
1447254141.0,10.16
1447254441.0,10.16
1447254741.0,10.04
1447255043.0,9.99
1447255341.0,9.71
1447255641.0,9.27
1447255941.0,8.77
1447256241.0,8.32
1447256541.0,7.99
1447256841.0,8.05
1447257141.0,8.10
1447257441.0,8.21
1447257741.0,8.16
1447258041.0,8.05
1447258341.0,8.05
1447258641.0,7.99
1447258941.0,7.94
1447259241.0,7.94
1447259541.0,7.99
1447259841.0,8.16
1447260141.0,8.55
1447260441.0,9.10
1447260741.0,9.49
1447261041.0,9.49
1447261341.0,9.43
1447261641.0,9.16
1447261941.0,8.82
1447262241.0,8.71
1447262541.0,8.66
1447262841.0,8.44
1447263141.0,8.32
1447263441.0,8.21
1447263741.0,8.16
1447264041.0,8.05
1447264341.0,7.99
1447264641.0,7.82
1447264941.0,7.60
1447265241.0,7.27
1447265541.0,6.94
1447265841.0,6.49
1447266141.0,6.10
1447266442.0,5.72
1447266741.0,5.38
1447267041.0,5.27
1447267341.0,5.33
1447267641.0,5.49
1447267941.0,5.72
1447268241.0,5.88
1447268541.0,5.88
1447268841.0,5.94
1447269141.0,5.94
1447269441.0,5.88
1447269741.0,5.83
1447270642.0,5.72
1447270941.0,5.66
1447271242.0,5.60
1447271541.0,5.60
1447271841.0,5.60
1447272141.0,5.66
1447272441.0,5.72
1447272741.0,5.72
1447273041.0,5.66
1447273341.0,5.72
1447273642.0,5.49
1447273941.0,5.38
1447274241.0,5.27
1447274541.0,5.22
1447274842.0,5.05
1447275141.0,4.88
1447275441.0,4.83
1447275742.0,4.83
1447276041.0,4.77
1447276341.0,4.88
1447276641.0,5.11
1447276941.0,5.27
1447277241.0,5.33
1447277541.0,5.33
1447277841.0,5.27
1447278141.0,5.11
1447278441.0,4.99
1447278741.0,4.99
1447279041.0,4.99
1447279341.0,4.94
1447279641.0,4.99
1447279941.0,5.11
1447280241.0,5.16
1447280541.0,5.16
1447280841.0,5.16
1447281141.0,5.27
1447281441.0,5.22
1447281741.0,5.16
1447282042.0,5.22
1447282341.0,5.33
1447282641.0,5.72
1447282941.0,6.16
1447283241.0,6.60
1447283541.0,6.60
1447283841.0,6.71
1447284141.0,6.88
1447284441.0,7.10
1447284741.0,7.66
1447285041.0,7.82
1447285341.0,7.99
1447285641.0,8.44
1447285941.0,8.93
1447286240.0,8.93
1447286541.0,9.21
1447286840.0,9.82
1447287140.0,10.10
1447287440.0,10.27
1447287740.0,10.21
1447288041.0,10.21
1447288340.0,10.32
1447288641.0,10.27
1447288940.0,10.38
1447289240.0,10.38
1447289541.0,10.49
1447289840.0,10.65
1447290142.0,10.60
1447290740.0,10.21
1447291041.0,10.32
1447291340.0,10.32
1447291640.0,10.32
1447291940.0,10.27
1447292240.0,10.10
1447292540.0,9.93
1447292841.0,9.82
1447293140.0,9.77
1447293440.0,9.71
1447293741.0,9.66
1447294040.0,9.60
1447294341.0,9.66
1447294640.0,9.60
1447294940.0,9.77
1447295240.0,9.77
1447295540.0,9.32
1447295840.0,9.16
1447296140.0,9.05
1447296440.0,9.27
1447296741.0,9.49
1447297041.0,9.54
1447297340.0,9.32
1447297640.0,9.16
1447297940.0,8.88
1447298240.0,8.60
1447298540.0,8.10
1447298840.0,7.55
1447299140.0,7.05
1447299440.0,6.44
1447299740.0,5.88
1447300040.0,5.66
1447300340.0,5.11
1447300640.0,4.33
1447300940.0,3.66
1447301240.0,3.16
1447301540.0,2.66
1447301840.0,3.22
1447302140.0,3.11
1447302440.0,2.89
1447302740.0,2.55
1447303040.0,2.28
1447303340.0,2.28
1447303640.0,2.50
1447303940.0,2.89
1447304240.0,3.16
1447304540.0,3.61
1447304840.0,3.72
1447305140.0,3.94
1447305440.0,4.05
1447305740.0,4.05
1447306040.0,4.00
1447306340.0,4.05
1447306640.0,4.16
1447306940.0,4.27
1447307240.0,4.33
1447307540.0,4.33
1447307840.0,4.44
1447308140.0,4.72
1447308440.0,4.99
1447308740.0,5.05
1447309040.0,4.94
1447309340.0,4.94
1447309640.0,4.22
1447309940.0,4.11
1447310240.0,4.50
1447310540.0,4.72
1447310840.0,5.27
1447311140.0,5.72
1447311440.0,5.72
1447311740.0,5.49
1447312041.0,5.27
1447312640.0,4.83
1447312940.0,4.33
1447313240.0,3.77
1447313540.0,3.44
1447313840.0,3.33
1447314140.0,3.27
1447314440.0,3.33
1447314740.0,3.44
1447315040.0,4.05
1447315340.0,4.22
1447315640.0,4.44
1447315940.0,4.66
1447316240.0,4.99
1447316540.0,5.77
1447316840.0,6.05
1447317140.0,6.27
1447317440.0,6.44
1447317740.0,6.66
1447318040.0,6.94
1447318340.0,6.88
1447318640.0,6.83
1447318940.0,6.94
1447319240.0,7.10
1447319540.0,7.21
1447319840.0,7.16
1447320140.0,7.27
1447320440.0,7.71
1447320740.0,8.32
1447321040.0,8.66
1447321340.0,8.93
1447321640.0,9.10
1447321940.0,9.21
1447322240.0,9.32
1447322540.0,9.43
1447322840.0,9.60
1447323140.0,9.82
1447323440.0,9.93
1447323740.0,9.82
1447324040.0,9.27
1447324340.0,8.71
1447324640.0,8.66
1447324940.0,8.55
1447325239.0,7.94
1447325539.0,7.99
1447325839.0,8.32
1447326139.0,8.93
1447326439.0,9.88
1447326739.0,10.77
1447327039.0,11.21
1447327339.0,11.21
1447327640.0,11.15
1447327939.0,11.10
1447328239.0,11.04
1447328540.0,10.99
1447328839.0,10.99
1447329139.0,10.99
1447329439.0,10.82
1447329739.0,10.21
1447330039.0,10.04
1447330339.0,10.04
1447330639.0,10.10
1447330939.0,10.10
1447331239.0,10.16
1447331539.0,10.16
1447331839.0,10.10
1447332139.0,10.10
1447332439.0,10.60
1447332739.0,10.71
1447333039.0,10.60
1447333339.0,10.54
1447333639.0,10.60
1447333939.0,10.60
1447334239.0,10.54
1447334539.0,10.60
1447334839.0,10.60
1447335139.0,10.60
1447335439.0,10.32
1447335739.0,9.77
1447336039.0,9.32
1447336339.0,8.93
1447336639.0,8.77
1447336939.0,8.93
1447337239.0,9.10
1447337539.0,9.71
1447337839.0,10.43
1447338139.0,10.88
1447338439.0,10.99
1447338739.0,10.88
1447339039.0,10.65
1447339339.0,10.49
1447339639.0,10.38
1447339939.0,10.54
1447340239.0,10.93
1447340539.0,10.93
1447340839.0,10.88
1447341139.0,10.93
1447341439.0,10.93
1447341739.0,10.93
1447342039.0,10.82
1447342339.0,10.77
1447342639.0,10.77
1447342939.0,10.82
1447343239.0,10.88
1447343539.0,10.82
1447343839.0,10.82
1447344139.0,10.77
1447344439.0,10.65
1447344739.0,10.54
1447345039.0,10.16
1447345339.0,9.99
1447345639.0,10.16
1447345939.0,9.88
1447346239.0,9.88
1447346539.0,10.10
1447346839.0,10.10
1447347139.0,10.16
1447347439.0,10.16
1447347739.0,9.88
1447348039.0,9.54
1447348339.0,9.27
1447348639.0,9.10
1447348939.0,9.05
1447349239.0,9.05
1447349539.0,9.05
1447349839.0,9.38
1447350139.0,9.66
1447350439.0,9.88
1447350739.0,10.10
1447351039.0,10.16
1447351339.0,10.60
1447351639.0,11.04
1447351939.0,11.10
1447352239.0,11.43
1447352539.0,11.27
1447352839.0,11.27
1447353139.0,11.04
1447353439.0,10.60
1447353739.0,10.21
1447354039.0,10.04
1447354339.0,10.16
1447354639.0,10.49
1447354939.0,10.43
1447355240.0,10.27
1447355539.0,10.04
1447355840.0,9.99
1447356139.0,9.93
1447356439.0,9.88
1447356740.0,9.66
1447357039.0,9.54
1447357339.0,9.54
1447357639.0,9.49
1447357939.0,9.32
1447358239.0,9.21
1447358539.0,9.16
1447358840.0,8.99
1447359139.0,8.82
1447359439.0,8.77
1447359739.0,8.66
1447360039.0,8.55
1447360339.0,8.49
1447360639.0,8.49
1447360939.0,8.60
1447361239.0,8.77
1447361539.0,9.10
1447361839.0,9.49
1447362139.0,10.04
1447362439.0,10.38
1447363039.0,11.10
1447363340.0,11.32
1447363639.0,11.49
1447363939.0,11.60
1447364239.0,12.15
1447364539.0,12.49
1447364839.0,12.76
1447365139.0,12.87
1447365439.0,12.82
1447365738.0,12.93
1447366038.0,13.10
1447366338.0,13.10
1447366640.0,12.76
1447366938.0,12.65
1447367238.0,12.71
1447367539.0,12.76
1447367838.0,13.10
1447368138.0,13.26
1447368440.0,13.21
1447368738.0,13.21
1447369038.0,13.26
1447369338.0,13.49
1447369638.0,13.60
1447369938.0,13.65
1447370239.0,13.60
1447370538.0,13.60
1447370838.0,13.60
1447371138.0,13.76
1447371438.0,13.98
1447371738.0,14.10
1447372038.0,14.10
1447372338.0,14.15
1447372638.0,14.32
1447372939.0,14.37
1447373538.0,14.04
1447373839.0,13.93
1447374138.0,13.93
1447374439.0,13.82
1447374738.0,13.71
1447375039.0,13.71
1447375338.0,13.60
1447375638.0,13.43
1447375938.0,13.15
1447376238.0,13.21
1447376538.0,13.21
1447376838.0,13.21
1447377138.0,13.37
1447377438.0,13.43
1447377738.0,13.60
1447378038.0,13.49
1447378338.0,13.43
1447378638.0,13.37
1447378939.0,13.21
1447379238.0,13.04
1447379538.0,12.99
1447379838.0,12.99
1447380140.0,12.93
1447380438.0,12.71
1447380738.0,12.54
1447381038.0,12.54
1447381338.0,12.65
1447381638.0,12.54
1447381940.0,12.49
1447382239.0,12.15
1447382538.0,11.82
1447382838.0,11.54
1447383138.0,11.21
1447383438.0,10.88
1447383738.0,10.60
1447384038.0,10.38
1447384338.0,10.27
1447384638.0,9.99
1447384938.0,9.77
1447385238.0,9.43
1447385538.0,9.16
1447385838.0,8.99
1447386138.0,8.77
1447386438.0,8.66
1447386738.0,8.27
1447387038.0,7.82
1447387338.0,7.55
1447387638.0,7.38
1447387938.0,6.94
1447388238.0,6.60
1447388538.0,6.38
1447388838.0,6.16
1447389138.0,5.88
1447389438.0,5.66
1447389738.0,5.55
1447390038.0,5.33
1447390338.0,4.94
1447390638.0,4.77
1447390938.0,4.72
1447391238.0,4.72
1447391538.0,5.16
1447391838.0,5.72
1447392138.0,6.33
1447392438.0,6.94
1447392738.0,7.44
1447393038.0,7.71
1447393338.0,7.77
1447393638.0,7.71
1447393938.0,7.44
1447394238.0,7.21
1447394538.0,7.10
1447394839.0,7.16
1447395138.0,7.33
1447395438.0,7.38
1447395738.0,7.55
1447396038.0,7.66
1447396338.0,7.66
1447396638.0,7.55
1447396938.0,7.16
1447397238.0,6.66
1447397538.0,6.27
1447397838.0,5.94
1447398138.0,5.88
1447398438.0,6.16
1447398738.0,6.38
1447399038.0,6.60
1447399338.0,6.88
1447399638.0,6.88
1447399938.0,6.94
1447400238.0,6.94
1447400538.0,6.77
1447400838.0,6.77
1447401138.0,6.83
1447401438.0,7.05
1447401738.0,7.21
1447402038.0,7.44
1447402338.0,7.66
1447402638.0,7.49
1447402938.0,7.21
1447403238.0,7.10
1447403537.0,7.16
1447403838.0,7.27
1447404137.0,7.33
1447404437.0,7.27
1447404738.0,7.10
1447405037.0,6.88
1447405338.0,6.66
1447405638.0,6.60
1447405937.0,6.88
1447406237.0,7.21
1447406537.0,7.33
1447406837.0,7.71
1447407137.0,8.27
1447407437.0,8.77
1447407737.0,8.93
1447408037.0,8.99
1447408337.0,8.71
1447408638.0,8.49
1447408937.0,8.16
1447409237.0,7.88
1447409537.0,7.66
1447409837.0,7.77
1447410137.0,8.05
1447410437.0,8.27
1447410737.0,8.49
1447411037.0,8.66
1447411337.0,8.77
1447411637.0,8.88
1447411937.0,8.93
1447412237.0,8.93
1447412537.0,8.99
1447412837.0,9.10
1447413137.0,9.21
1447413437.0,9.38
1447413737.0,9.54
1447414037.0,9.71
1447414337.0,9.66
1447414637.0,9.60
1447414937.0,9.60
1447415237.0,9.66
1447415537.0,9.66
1447415837.0,9.60
1447416137.0,9.60
1447416437.0,9.54
1447416737.0,9.66
1447417037.0,9.88
1447417337.0,10.10
1447417637.0,10.32
1447417937.0,10.54
1447418237.0,10.82
1447418537.0,11.04
1447418837.0,11.32
1447419137.0,11.60
1447419437.0,11.88
1447419737.0,11.71
1447420037.0,11.99
1447420337.0,11.71
1447420637.0,11.49
1447420937.0,11.49
1447421237.0,11.49
1447421537.0,11.54
1447421837.0,11.60
1447422137.0,11.93
1447422437.0,11.99
1447422737.0,12.10
1447423037.0,12.21
1447423337.0,12.21
1447423637.0,12.10
1447423937.0,11.99
1447424237.0,11.88
1447424537.0,11.76
1447424837.0,11.65
1447425137.0,11.60
1447425437.0,11.49
1447425737.0,11.38
1447426037.0,11.65
1447426337.0,11.60
1447426637.0,11.43
1447426937.0,11.32
1447427237.0,11.15
1447427537.0,11.10
1447427837.0,11.27
1447428137.0,11.49
1447428437.0,11.32
1447428737.0,11.43
1447429037.0,11.38
1447429337.0,11.32
1447429637.0,11.21
1447429937.0,11.21
1447430237.0,11.27
1447430537.0,11.21
1447430837.0,10.93
1447431137.0,10.71
1447431437.0,10.60
1447431737.0,10.60
1447432037.0,10.27
1447432337.0,10.04
1447432637.0,9.77
1447432937.0,9.49
1447433237.0,9.27
1447433537.0,8.49
1447433837.0,7.94
1447434137.0,7.94
1447434437.0,7.66
1447434737.0,7.38
1447435037.0,7.27
1447435337.0,7.27
1447435637.0,7.27
1447435937.0,7.38
1447436237.0,7.49
1447436537.0,7.77
1447436837.0,8.05
1447437137.0,8.38
1447437437.0,8.66
1447437737.0,8.93
1447438037.0,9.49
1447438337.0,9.93
1447438637.0,10.27
1447438937.0,10.60
1447439237.0,10.82
1447439537.0,10.77
1447439837.0,10.49
1447440137.0,10.21
1447440438.0,10.10
1447440737.0,10.21
1447441037.0,10.16
1447441337.0,10.16
1447441637.0,9.99
1447441936.0,9.77
1447442236.0,9.66
1447442536.0,9.38
1447442836.0,9.27
1447443136.0,9.05
1447443436.0,8.77
1447443736.0,8.60
1447444036.0,8.49
1447444336.0,8.38
1447444636.0,8.21
1447444936.0,8.05
1447445236.0,7.94
1447445537.0,7.77
1447445836.0,7.77
1447446136.0,7.60
1447446436.0,7.55
1447446736.0,7.33
1447447036.0,7.21
1447447336.0,7.05
1447447636.0,6.88
1447447936.0,6.71
1447448236.0,6.60
1447448536.0,6.49
1447448836.0,6.44
1447449136.0,6.38
1447449436.0,6.38
1447449736.0,6.27
1447450036.0,6.22
1447450336.0,6.22
1447450636.0,6.22
1447450936.0,6.22
1447451236.0,6.16
1447451536.0,6.10
1447451836.0,6.05
1447452136.0,5.99
1447452436.0,5.88
1447452736.0,5.77
1447453036.0,5.60
1447453336.0,5.60
1447453636.0,5.60
1447453936.0,5.72
1447454236.0,5.72
1447454537.0,5.77
1447454836.0,5.77
1447455136.0,5.77
1447455436.0,5.83
1447455736.0,5.60
1447456036.0,5.77
1447456336.0,5.88
1447456636.0,5.99
1447456936.0,6.10
1447457236.0,6.66
1447457536.0,7.27
1447457836.0,7.55
1447458136.0,7.82
1447458436.0,8.16
1447458736.0,9.10
1447459036.0,9.71
1447459336.0,9.99
1447459636.0,10.49
1447459936.0,11.10
1447460236.0,11.32
1447460536.0,11.54
1447460836.0,11.54
1447461136.0,11.76
1447461436.0,12.26
1447461736.0,12.43
1447462036.0,12.54
1447462336.0,12.71
1447462636.0,12.82
1447462936.0,12.87
1447463236.0,13.04
1447463536.0,13.37
1447463836.0,13.49
1447464136.0,13.49
1447464436.0,13.60
1447464736.0,13.60
1447465036.0,13.65
1447465336.0,13.71
1447465636.0,13.65
1447465936.0,13.65
1447466236.0,13.37
1447466536.0,12.76
1447466836.0,12.32
1447467136.0,12.26
1447467436.0,11.99
1447467736.0,11.60
1447468036.0,11.38
1447468336.0,11.15
1447468636.0,10.93
1447468936.0,10.60
1447469236.0,10.43
1447469536.0,10.32
1447469836.0,10.32
1447470136.0,10.21
1447470436.0,10.16
1447470736.0,10.04
1447471036.0,10.04
1447471336.0,10.10
1447471636.0,9.99
1447471936.0,9.88
1447472236.0,9.60
1447472536.0,9.49
1447472836.0,9.43
1447473136.0,9.38
1447473436.0,9.49
1447473736.0,9.54
1447474036.0,9.27
1447474336.0,8.93
1447474636.0,8.05
1447474936.0,8.55
1447475236.0,7.71
1447475536.0,6.71
1447475836.0,5.88
1447476136.0,5.33
1447476436.0,5.05
1447476736.0,5.05
1447477036.0,4.55
1447477336.0,4.33
1447477636.0,4.16
1447477936.0,4.00
1447478236.0,3.83
1447478536.0,3.88
1447478836.0,4.16
1447479136.0,4.50
1447479435.0,4.94
1447479735.0,5.16
1447480036.0,5.27
1447480335.0,5.16
1447480635.0,4.94
1447480935.0,4.72
1447481236.0,4.61
1447481535.0,4.44
1447481836.0,4.38
1447482135.0,4.44
1447482435.0,4.50
1447482736.0,4.77
1447483036.0,5.16
1447483335.0,5.33
1447483635.0,5.49
1447483935.0,5.66
1447484235.0,5.49
1447484535.0,5.27
1447484835.0,5.22
1447485135.0,5.33
1447485435.0,5.99
1447485735.0,6.66
1447486035.0,7.16
1447486336.0,7.66
1447486635.0,8.21
1447486935.0,8.60
1447487235.0,8.88
1447487535.0,9.10
1447487835.0,9.38
1447488135.0,9.32
1447488435.0,9.21
1447488735.0,8.88
1447489035.0,8.44
1447489335.0,8.10
1447489635.0,7.77
1447489936.0,7.71
1447490235.0,7.66
1447490536.0,7.55
1447490836.0,7.33
1447491136.0,7.10
1447491435.0,6.88
1447491735.0,6.44
1447492035.0,6.05
1447492335.0,5.72
1447492635.0,5.55
1447492935.0,5.11
1447493235.0,4.99
1447493535.0,4.94
1447493835.0,4.88
1447494135.0,4.83
1447494435.0,4.77
1447494735.0,4.72
1447495035.0,4.66
1447495335.0,4.61
1447495635.0,4.50
1447495935.0,4.44
1447496235.0,4.38
1447496535.0,4.38
1447496835.0,4.38
1447497135.0,4.33
1447497435.0,4.27
1447497735.0,4.16
1447498035.0,3.66
1447498335.0,3.05
1447498635.0,2.77
1447498935.0,3.11
1447499235.0,3.88
1447499535.0,4.44
1447499835.0,4.50
1447500135.0,4.27
1447500435.0,4.11
1447500735.0,4.11
1447501035.0,4.22
1447501335.0,4.72
1447501635.0,4.83
1447501935.0,4.88
1447502235.0,4.99
1447502535.0,5.05
1447502835.0,5.22
1447503135.0,5.22
1447503435.0,5.27
1447503735.0,5.38
1447504035.0,5.44
1447504335.0,5.55
1447504635.0,5.72
1447504935.0,5.88
1447505235.0,6.05
1447505535.0,6.22
1447505835.0,6.38
1447506135.0,6.60
1447506435.0,6.88
1447506735.0,7.10
1447507035.0,7.44
1447507335.0,7.71
1447507635.0,7.94
1447507935.0,8.16
1447508235.0,8.32
1447508535.0,8.21
1447508835.0,8.16
1447509135.0,7.77
1447509435.0,7.33
1447509735.0,7.10
1447510035.0,7.38
1447510335.0,8.16
1447510635.0,9.10
1447510935.0,9.88
1447511235.0,10.21
1447511535.0,10.21
1447511835.0,10.27
1447512135.0,10.32
1447512435.0,10.49
1447512735.0,10.65
1447513035.0,10.99
1447513335.0,10.77
1447513635.0,11.32
1447513935.0,11.49
1447514235.0,11.60
1447514535.0,11.71
1447514835.0,11.76
1447515135.0,11.88
1447515435.0,11.93
1447515735.0,11.99
1447516035.0,12.04
1447516335.0,12.04
1447516635.0,11.82
1447516935.0,11.82
1447517235.0,11.82
1447517535.0,11.88
1447517835.0,11.88
1447518135.0,11.71
1447518435.0,11.54
1447518735.0,11.21
1447519034.0,11.27
1447519334.0,11.10
1447519634.0,10.93
1447519934.0,10.77
1447520234.0,10.71
1447520534.0,10.71
1447520834.0,10.71
1447521134.0,10.77
1447521434.0,10.82
1447521734.0,10.88
1447522034.0,11.15
1447522334.0,11.21
1447522634.0,11.27
1447522934.0,11.38
1447523235.0,11.38
1447523534.0,11.38
1447523834.0,11.38
1447524134.0,11.15
1447524434.0,11.43
1447524734.0,11.10
1447525034.0,11.15
1447525334.0,11.10
1447525634.0,11.04
1447525934.0,10.99
1447526234.0,11.15
1447526534.0,10.77
1447526834.0,10.54
1447527134.0,10.32
1447527434.0,10.27
1447527734.0,10.21
1447528034.0,10.27
1447528334.0,10.27
1447528634.0,10.16
1447528934.0,10.10
1447529234.0,10.27
1447529534.0,10.43
1447529834.0,10.38
1447530134.0,10.38
1447530434.0,10.54
1447530734.0,10.82
1447531034.0,11.15
1447531334.0,11.15
1447531634.0,11.27
1447531934.0,11.38
1447532234.0,10.99
1447532534.0,10.38
1447533134.0,10.21
1447533434.0,9.49
1447533734.0,8.66
1447534034.0,7.82
1447534334.0,7.10
1447534634.0,6.60
1447534934.0,6.33
1447535234.0,5.94
1447535534.0,5.72
1447535834.0,5.55
1447536134.0,5.49
1447536434.0,5.33
1447536734.0,5.27
1447537334.0,5.27
1447537634.0,5.38
1447537934.0,5.33
1447538235.0,5.27
1447538534.0,4.99
1447538834.0,4.94
1447539134.0,5.05
1447539434.0,5.22
1447539734.0,5.38
1447540034.0,5.22
1447549334.0,3.72
1447549634.0,3.61
1447549934.0,3.44
1447550234.0,3.16
1447550534.0,2.89
1447550834.0,2.61
1447551134.0,2.72
1447551434.0,2.72
1447551734.0,2.83
1447552034.0,3.16
1447552334.0,3.66
1447552634.0,4.22
1447552934.0,4.66
1447553234.0,5.05
1447553534.0,5.38
1447553834.0,6.27
1447554134.0,6.27
1447554434.0,6.22
1447554734.0,6.27
1447555034.0,6.22
1447555334.0,6.05
1447555634.0,5.88
1447555934.0,5.66
1447556234.0,5.05
1447556534.0,4.77
1447556834.0,4.55
1447557134.0,4.50
1447557434.0,4.38
1447557734.0,4.00
1447558035.0,3.61
1447558334.0,3.22
1447558634.0,3.16
1447558934.0,3.22
1447559234.0,3.05
1447559534.0,3.11
1447559834.0,3.16
1447560133.0,3.22
1447560433.0,3.22
1447560733.0,3.22
1447561033.0,3.16
1447561333.0,3.27
1447561634.0,3.39
1447561933.0,3.39
1447562233.0,3.44
1447562533.0,3.66
1447562833.0,3.77
1447563133.0,3.88
1447563434.0,4.00
1447563733.0,4.05
1447564033.0,4.05
1447564333.0,4.22
1447564633.0,4.55
1447564933.0,4.94
1447565233.0,5.33
1447565533.0,5.55
1447565833.0,5.77
1447566133.0,5.94
1447566433.0,5.99
1447566733.0,5.88
1447567033.0,6.05
1447567333.0,6.33
1447567633.0,6.44
1447567933.0,6.44
1447568233.0,6.38
1447568534.0,6.38
1447568833.0,6.33
1447569133.0,6.27
1447569433.0,6.22
1447569733.0,6.05
1447570033.0,5.94
1447570333.0,5.99
1447570633.0,7.88
1447570933.0,7.77
1447571233.0,7.71
1447571533.0,7.94
1447571833.0,8.16
1447572133.0,8.49
1447572433.0,8.55
1447572733.0,8.38
1447573033.0,8.27
1447573333.0,7.88
1447573633.0,7.60
1447573933.0,7.16
1447574233.0,6.77
1447574533.0,6.49
1447574833.0,6.27
1447575133.0,6.10
1447575433.0,6.05
1447575733.0,5.94
1447576033.0,5.88
1447576333.0,5.72
1447576633.0,5.38
1447576933.0,4.99
1447577233.0,4.77
1447577533.0,4.44
1447577833.0,4.27
1447578133.0,4.27
1447578433.0,4.22
1447578733.0,4.27
1447579033.0,4.16
1447579333.0,4.11
1447579633.0,4.05
1447579933.0,4.05
1447580233.0,3.94
1447580533.0,3.88
1447580833.0,3.83
1447581133.0,3.83
1447581433.0,3.88
1447581733.0,3.94
1447582033.0,4.11
1447582333.0,4.27
1447582633.0,4.50
1447582933.0,4.50
1447583233.0,4.38
1447583533.0,4.61
1447583833.0,4.72
1447584133.0,4.83
1447584433.0,4.94
1447584733.0,4.72
1447585033.0,4.55
1447585333.0,4.38
1447585633.0,4.50
1447585933.0,5.11
1447586233.0,5.83
1447586533.0,6.27
1447586833.0,6.38
1447587133.0,6.38
1447587433.0,6.44
1447587733.0,6.66
1447588033.0,6.94
1447588333.0,7.16
1447588633.0,7.33
1447588933.0,7.27
1447589233.0,7.10
1447589533.0,6.88
1447589833.0,6.60
1447590133.0,6.49
1447590433.0,6.83
1447594633.0,12.93
1447594933.0,13.26
1447595233.0,13.49
1447595533.0,13.71
1447595833.0,13.98
1447596133.0,14.10
1447596433.0,14.10
1447596733.0,13.93
1447597033.0,13.76
1447597333.0,13.76
1447597633.0,13.82
1447597933.0,13.76
1447598233.0,13.76
1447598533.0,13.71
1447598833.0,13.71
1447599133.0,13.76
1447599433.0,13.82
1447599733.0,13.65
1447600032.0,13.65
1447600332.0,13.54
1447600632.0,13.21
1447600932.0,12.93
1447601232.0,12.76
1447601533.0,12.93
1447601832.0,12.99
1447602132.0,12.93
1447602432.0,12.93
1447602732.0,12.87
1447603032.0,12.82
1447603332.0,12.76
1447603632.0,12.71
1447603932.0,12.82
1447604232.0,12.87
1447604532.0,12.65
1447604832.0,12.60
1447605132.0,12.65
1447605432.0,12.76
1447605732.0,12.71
1447606032.0,12.43
1447606332.0,12.32
1447606632.0,12.26
1447606932.0,12.21
1447607232.0,11.54
1447607532.0,11.27
1447607832.0,11.15
1447608132.0,11.15
1447608432.0,11.04
1447608732.0,10.93
1447609032.0,10.82
1447609332.0,10.60
1447609632.0,10.10
1447609932.0,9.66
1447610232.0,9.27
1447610532.0,8.93
1447610832.0,8.60
1447611132.0,8.27
1447611432.0,7.99
1447611732.0,7.71
1447612032.0,7.44
1447612332.0,7.16
1447612632.0,6.88
1447612932.0,6.66
1447613232.0,6.44
1447613532.0,6.22
1447613832.0,6.05
1447614132.0,5.88
1447614432.0,5.72
1447614732.0,5.55
1447615032.0,5.38
1447615332.0,5.22
1447615632.0,5.11
1447615932.0,4.99
1447616232.0,4.88
1447616532.0,4.83
1447616832.0,4.77
1447617132.0,4.77
1447617432.0,5.16
1447617732.0,5.49
1447618033.0,5.55
1447618333.0,5.77
1447618632.0,6.27
1447618932.0,6.10
1447619232.0,6.10
1447619532.0,6.05
1447619832.0,5.88
1447620132.0,5.66
1447620432.0,5.44
1447620732.0,5.16
1447621032.0,4.05
1447621332.0,3.55
1447621632.0,2.77
1447621932.0,2.55
1447622532.0,2.50
1447622832.0,2.61
1447623132.0,2.83
1447623432.0,3.22
1447623732.0,3.66
1447624032.0,4.11
1447624332.0,4.38
1447624632.0,4.83
1447624932.0,5.27
1447625232.0,5.94
1447625532.0,6.10
1447625832.0,6.38
1447626132.0,6.88
1447626432.0,6.94
1447626732.0,7.05
1447627032.0,7.21
1447627332.0,7.60
1447627632.0,7.44
1447627932.0,7.82
1447628232.0,8.27
1447628532.0,8.44
1447628832.0,8.16
1447629132.0,7.66
1447629432.0,6.99
1447629732.0,6.49
1447630032.0,6.16
1447630332.0,6.10
1447630632.0,6.16
1447630932.0,6.27
1447631232.0,6.38
1447631532.0,6.44
1447631832.0,6.55
1447632132.0,6.60
1447632432.0,6.38
1447632732.0,6.38
1447633032.0,6.27
1447633332.0,6.10
1447633632.0,5.99
1447633932.0,5.94
1447634232.0,5.77
1447634532.0,5.66
1447634832.0,5.55
1447635132.0,5.38
1447635432.0,4.99
1447635732.0,4.66
1447636032.0,4.38
1447636332.0,4.22
1447636632.0,4.16
1447636932.0,4.22
1447637232.0,4.38
1447637532.0,4.61
1447637832.0,4.83
1447638132.0,4.99
1447638432.0,5.33
1447638732.0,5.77
1447639032.0,6.16
1447639332.0,6.83
1447639632.0,7.71
1447639931.0,8.49
1447640231.0,9.10
1447640532.0,9.49
1447640831.0,9.82
1447641131.0,10.04
1447641431.0,10.32
1447641731.0,10.71
1447642031.0,10.88
1447642331.0,11.04
1447642631.0,11.21
1447642931.0,11.27
1447643231.0,11.49
1447643531.0,11.60
1447643831.0,11.49
1447644131.0,11.38
1447644432.0,11.49
1447644731.0,11.38
1447645031.0,11.38
1447645331.0,11.32
1447645631.0,11.49
1447645931.0,11.49
1447646231.0,11.32
1447646531.0,11.15
1447646831.0,11.04
1447647131.0,10.99
1447647431.0,10.88
1447647731.0,10.43
1447648031.0,10.60
1447648331.0,10.04
1447648631.0,9.27
1447648931.0,8.49
1447649232.0,7.99
1447649531.0,7.66
1447649832.0,7.38
1447650132.0,6.77
1447650432.0,5.83
1447650732.0,4.83
1447651032.0,4.05
1447651332.0,3.61
1447651631.0,3.44
1447651933.0,3.27
1447652231.0,3.05
1447652531.0,2.89
1447652831.0,2.66
1447653132.0,2.66
1447653431.0,2.72
1447653731.0,2.83
1447654031.0,3.05
1447654331.0,3.39
1447654631.0,4.16
1447654931.0,4.94
1447655231.0,5.72
1447655531.0,6.16
1447655831.0,5.83
1447656131.0,6.27
1447656431.0,6.44
1447656731.0,6.38
1447657031.0,6.16
1447657331.0,5.77
1447657631.0,4.72
1447657931.0,4.44
1447658231.0,4.50
1447658531.0,4.66
1447658831.0,4.94
1447659131.0,5.05
1447659432.0,5.05
1447659731.0,5.55
1447660031.0,6.27
1447660331.0,6.71
1447660631.0,7.21
1447660931.0,7.60
1447661231.0,7.99
1447661531.0,8.32
1447661831.0,8.66
1447662131.0,8.88
1447662431.0,9.16
1447662731.0,9.27
1447663031.0,9.66
1447663331.0,9.60
1447663631.0,9.93
1447663931.0,10.43
1447664231.0,10.93
1447664531.0,11.32
