Start,Finish,Heart Rate (count/min)
1447052580.0,1447052580.0,76.0
1447053120.0,1447053120.0,81.0
1447053960.0,1447053960.0,49.0
1447054560.0,1447054560.0,85.0
1447055460.0,1447055460.0,74.0
1447056540.0,1447056540.0,81.0
1447057080.0,1447057080.0,78.0
1447057740.0,1447057740.0,74.0
1447058340.0,1447058340.0,76.0
1447058880.0,1447058880.0,74.0
1447059480.0,1447059480.0,81.0
1447060020.0,1447060020.0,64.0
1447060740.0,1447060740.0,88.0
1447061280.0,1447061280.0,98.0
1447061280.0,1447061280.0,102.0
1447061280.0,1447061280.0,103.0
1447061280.0,1447061280.0,103.0
1447061280.0,1447061280.0,103.0
1447061280.0,1447061280.0,103.0
1447061280.0,1447061280.0,103.0
1447061280.0,1447061280.0,102.0
1447061340.0,1447061340.0,101.0
1447061340.0,1447061340.0,101.0
1447061340.0,1447061340.0,101.0
1447061340.0,1447061340.0,101.0
1447061340.0,1447061340.0,101.0
1447061340.0,1447061340.0,101.0
1447061340.0,1447061340.0,101.0
1447061340.0,1447061340.0,101.0
1447061340.0,1447061340.0,104.0
1447061340.0,1447061340.0,105.0
1447061340.0,1447061340.0,105.0
1447061340.0,1447061340.0,104.0
1447061400.0,1447061400.0,104.0
1447061400.0,1447061400.0,102.0
1447061400.0,1447061400.0,102.0
1447061400.0,1447061400.0,102.0
1447061400.0,1447061400.0,103.0
1447061400.0,1447061400.0,103.0
1447061400.0,1447061400.0,102.0
1447061400.0,1447061400.0,102.0
1447061400.0,1447061400.0,102.0
1447061400.0,1447061400.0,102.0
1447061400.0,1447061400.0,101.0
1447061400.0,1447061400.0,101.0
1447061460.0,1447061460.0,101.0
1447061460.0,1447061460.0,102.0
1447061460.0,1447061460.0,103.0
1447061460.0,1447061460.0,104.0
1447061460.0,1447061460.0,103.0
1447061460.0,1447061460.0,104.0
1447061460.0,1447061460.0,104.0
1447061460.0,1447061460.0,103.0
1447061460.0,1447061460.0,103.0
1447061460.0,1447061460.0,103.0
1447061460.0,1447061460.0,102.0
1447061460.0,1447061460.0,101.0
1447061520.0,1447061520.0,100.0
1447061520.0,1447061520.0,100.0
1447061520.0,1447061520.0,99.0
1447061520.0,1447061520.0,99.0
1447061520.0,1447061520.0,99.0
1447061520.0,1447061520.0,100.0
1447061520.0,1447061520.0,101.0
1447061520.0,1447061520.0,102.0
1447061520.0,1447061520.0,103.0
1447061520.0,1447061520.0,104.0
1447061520.0,1447061520.0,103.0
1447061520.0,1447061520.0,103.0
1447061580.0,1447061580.0,103.0
1447061580.0,1447061580.0,103.0
1447061580.0,1447061580.0,104.0
1447061580.0,1447061580.0,104.0
1447061580.0,1447061580.0,104.0
1447061580.0,1447061580.0,103.0
1447061580.0,1447061580.0,101.0
1447061580.0,1447061580.0,100.0
1447061580.0,1447061580.0,99.0
1447061580.0,1447061580.0,95.0
1447061580.0,1447061580.0,95.0
1447061580.0,1447061580.0,95.0
1447061640.0,1447061640.0,95.0
1447061640.0,1447061640.0,95.0
1447061640.0,1447061640.0,96.0
1447061640.0,1447061640.0,98.0
1447061640.0,1447061640.0,100.0
1447061640.0,1447061640.0,101.0
1447061640.0,1447061640.0,101.0
1447061640.0,1447061640.0,103.0
1447061640.0,1447061640.0,104.0
1447061640.0,1447061640.0,104.0
1447061640.0,1447061640.0,104.0
1447061640.0,1447061640.0,104.0
1447061700.0,1447061700.0,104.0
1447061700.0,1447061700.0,104.0
1447061700.0,1447061700.0,104.0
1447061700.0,1447061700.0,104.0
1447061700.0,1447061700.0,104.0
1447061700.0,1447061700.0,104.0
1447061700.0,1447061700.0,104.0
1447061700.0,1447061700.0,104.0
1447061700.0,1447061700.0,103.0
1447061700.0,1447061700.0,102.0
1447061700.0,1447061700.0,102.0
1447061700.0,1447061700.0,101.0
1447061760.0,1447061760.0,100.0
1447061760.0,1447061760.0,100.0
1447061760.0,1447061760.0,100.0
1447061760.0,1447061760.0,100.0
1447061760.0,1447061760.0,99.0
1447061760.0,1447061760.0,99.0
1447061760.0,1447061760.0,99.0
1447061760.0,1447061760.0,99.0
1447061760.0,1447061760.0,99.0
1447061760.0,1447061760.0,99.0
1447061760.0,1447061760.0,99.0
1447061760.0,1447061760.0,99.0
1447061820.0,1447061820.0,99.0
1447061820.0,1447061820.0,99.0
1447061820.0,1447061820.0,100.0
1447061820.0,1447061820.0,100.0
1447061820.0,1447061820.0,100.0
1447061820.0,1447061820.0,101.0
1447061820.0,1447061820.0,103.0
1447061820.0,1447061820.0,103.0
1447061820.0,1447061820.0,103.0
1447061820.0,1447061820.0,103.0
1447061820.0,1447061820.0,104.0
1447061820.0,1447061820.0,105.0
1447061880.0,1447061880.0,106.0
1447061880.0,1447061880.0,106.0
1447061880.0,1447061880.0,106.0
1447061880.0,1447061880.0,107.0
1447061880.0,1447061880.0,108.0
1447061880.0,1447061880.0,109.0
1447061880.0,1447061880.0,109.0
1447061880.0,1447061880.0,110.0
1447061880.0,1447061880.0,110.0
1447061880.0,1447061880.0,111.0
1447061880.0,1447061880.0,111.0
1447061880.0,1447061880.0,110.0
1447061940.0,1447061940.0,109.0
1447061940.0,1447061940.0,107.0
1447061940.0,1447061940.0,106.0
1447061940.0,1447061940.0,105.0
1447061940.0,1447061940.0,105.0
1447061940.0,1447061940.0,105.0
1447061940.0,1447061940.0,105.0
1447061940.0,1447061940.0,105.0
1447061940.0,1447061940.0,105.0
1447061940.0,1447061940.0,105.0
1447061940.0,1447061940.0,106.0
1447061940.0,1447061940.0,106.0
1447062000.0,1447062000.0,108.0
1447062000.0,1447062000.0,110.0
1447062000.0,1447062000.0,111.0
1447062000.0,1447062000.0,111.0
1447062000.0,1447062000.0,111.0
1447062000.0,1447062000.0,111.0
1447062000.0,1447062000.0,111.0
1447062000.0,1447062000.0,110.0
1447062000.0,1447062000.0,111.0
1447062000.0,1447062000.0,110.0
1447062000.0,1447062000.0,110.0
1447062000.0,1447062000.0,110.0
1447062060.0,1447062060.0,110.0
1447062060.0,1447062060.0,109.0
1447062060.0,1447062060.0,109.0
1447062060.0,1447062060.0,109.0
1447062060.0,1447062060.0,108.0
1447062060.0,1447062060.0,107.0
1447062060.0,1447062060.0,107.0
1447062060.0,1447062060.0,105.0
1447062060.0,1447062060.0,105.0
1447062060.0,1447062060.0,105.0
1447062060.0,1447062060.0,106.0
1447062060.0,1447062060.0,108.0
1447062120.0,1447062120.0,108.0
1447062120.0,1447062120.0,107.0
1447062120.0,1447062120.0,107.0
1447062120.0,1447062120.0,108.0
1447062120.0,1447062120.0,108.0
1447062120.0,1447062120.0,107.0
1447062120.0,1447062120.0,107.0
1447062120.0,1447062120.0,107.0
1447062120.0,1447062120.0,107.0
1447062120.0,1447062120.0,107.0
1447062120.0,1447062120.0,107.0
1447062120.0,1447062120.0,107.0
1447062180.0,1447062180.0,107.0
1447062180.0,1447062180.0,107.0
1447062180.0,1447062180.0,107.0
1447062180.0,1447062180.0,107.0
1447062180.0,1447062180.0,107.0
1447062180.0,1447062180.0,107.0
1447062180.0,1447062180.0,107.0
1447062180.0,1447062180.0,107.0
1447062180.0,1447062180.0,107.0
1447062180.0,1447062180.0,108.0
1447062180.0,1447062180.0,109.0
1447062180.0,1447062180.0,109.0
1447062240.0,1447062240.0,109.0
1447062240.0,1447062240.0,109.0
1447062240.0,1447062240.0,109.0
1447062240.0,1447062240.0,109.0
1447062240.0,1447062240.0,109.0
1447062240.0,1447062240.0,109.0
1447062240.0,1447062240.0,109.0
1447062240.0,1447062240.0,107.0
1447062240.0,1447062240.0,107.0
1447062240.0,1447062240.0,107.0
1447062240.0,1447062240.0,105.0
1447062240.0,1447062240.0,104.0
1447062300.0,1447062300.0,104.0
1447062300.0,1447062300.0,104.0
1447062300.0,1447062300.0,104.0
1447062300.0,1447062300.0,106.0
1447062300.0,1447062300.0,107.0
1447062300.0,1447062300.0,106.0
1447062300.0,1447062300.0,106.0
1447062300.0,1447062300.0,106.0
1447062300.0,1447062300.0,106.0
1447062300.0,1447062300.0,106.0
1447062300.0,1447062300.0,107.0
1447062300.0,1447062300.0,107.0
1447062360.0,1447062360.0,107.0
1447062360.0,1447062360.0,107.0
1447062360.0,1447062360.0,105.0
1447062360.0,1447062360.0,103.0
1447062360.0,1447062360.0,101.0
1447062360.0,1447062360.0,101.0
1447062360.0,1447062360.0,101.0
1447062360.0,1447062360.0,102.0
1447062360.0,1447062360.0,102.0
1447062360.0,1447062360.0,102.0
1447062360.0,1447062360.0,102.0
1447062360.0,1447062360.0,102.0
1447062420.0,1447062420.0,102.0
1447062420.0,1447062420.0,102.0
1447062420.0,1447062420.0,102.0
1447062420.0,1447062420.0,102.0
1447062420.0,1447062420.0,102.0
1447062420.0,1447062420.0,102.0
1447062420.0,1447062420.0,102.0
1447062420.0,1447062420.0,107.0
1447062420.0,1447062420.0,113.0
1447062420.0,1447062420.0,114.0
1447062420.0,1447062420.0,114.0
1447062420.0,1447062420.0,115.0
1447062480.0,1447062480.0,115.0
1447062480.0,1447062480.0,115.0
1447062480.0,1447062480.0,114.0
1447062480.0,1447062480.0,115.0
1447062480.0,1447062480.0,115.0
1447062480.0,1447062480.0,116.0
1447062480.0,1447062480.0,115.0
1447062480.0,1447062480.0,113.0
1447062480.0,1447062480.0,122.0
1447062480.0,1447062480.0,122.0
1447062480.0,1447062480.0,121.0
1447062480.0,1447062480.0,121.0
1447062540.0,1447062540.0,120.0
1447062540.0,1447062540.0,120.0
1447062540.0,1447062540.0,121.0
1447062540.0,1447062540.0,122.0
1447062540.0,1447062540.0,122.0
1447062540.0,1447062540.0,121.0
1447062540.0,1447062540.0,120.0
1447062540.0,1447062540.0,118.0
1447062540.0,1447062540.0,113.0
1447062540.0,1447062540.0,110.0
1447062540.0,1447062540.0,108.0
1447062540.0,1447062540.0,109.0
1447062600.0,1447062600.0,108.0
1447062600.0,1447062600.0,104.0
1447062600.0,1447062600.0,104.0
1447062600.0,1447062600.0,106.0
1447062600.0,1447062600.0,106.0
1447062600.0,1447062600.0,107.0
1447062600.0,1447062600.0,108.0
1447062600.0,1447062600.0,108.0
1447062600.0,1447062600.0,109.0
1447062600.0,1447062600.0,109.0
1447062600.0,1447062600.0,109.0
1447062600.0,1447062600.0,111.0
1447062660.0,1447062660.0,113.0
1447062660.0,1447062660.0,113.0
1447062660.0,1447062660.0,112.0
1447062660.0,1447062660.0,109.0
1447062660.0,1447062660.0,110.0
1447062660.0,1447062660.0,109.0
1447062660.0,1447062660.0,109.0
1447062660.0,1447062660.0,109.0
1447062660.0,1447062660.0,109.0
1447062660.0,1447062660.0,110.0
1447062660.0,1447062660.0,110.0
1447062660.0,1447062660.0,110.0
1447062720.0,1447062720.0,109.0
1447062720.0,1447062720.0,109.0
1447062720.0,1447062720.0,109.0
1447062720.0,1447062720.0,107.0
1447062720.0,1447062720.0,105.0
1447062720.0,1447062720.0,105.0
1447062720.0,1447062720.0,104.0
1447062720.0,1447062720.0,103.0
1447062720.0,1447062720.0,104.0
1447062720.0,1447062720.0,104.0
1447062720.0,1447062720.0,104.0
1447062720.0,1447062720.0,104.0
1447062780.0,1447062780.0,104.0
1447062780.0,1447062780.0,104.0
1447062780.0,1447062780.0,104.0
1447062780.0,1447062780.0,104.0
1447062780.0,1447062780.0,104.0
1447062780.0,1447062780.0,104.0
1447062780.0,1447062780.0,104.0
1447062780.0,1447062780.0,104.0
1447062780.0,1447062780.0,104.0
1447062780.0,1447062780.0,103.0
1447062780.0,1447062780.0,102.0
1447062780.0,1447062780.0,102.0
1447062840.0,1447062840.0,103.0
1447062840.0,1447062840.0,104.0
1447062840.0,1447062840.0,105.0
1447062840.0,1447062840.0,104.0
1447062840.0,1447062840.0,102.0
1447062840.0,1447062840.0,96.0
1447062840.0,1447062840.0,96.0
1447062840.0,1447062840.0,95.0
1447062840.0,1447062840.0,95.0
1447062840.0,1447062840.0,96.0
1447062840.0,1447062840.0,99.0
1447062840.0,1447062840.0,99.0
1447062900.0,1447062900.0,100.0
1447062900.0,1447062900.0,102.0
1447062900.0,1447062900.0,103.0
1447062900.0,1447062900.0,103.0
1447062900.0,1447062900.0,103.0
1447062900.0,1447062900.0,103.0
1447062900.0,1447062900.0,104.0
1447062900.0,1447062900.0,104.0
1447062900.0,1447062900.0,105.0
1447062900.0,1447062900.0,108.0
1447062900.0,1447062900.0,108.0
1447062900.0,1447062900.0,108.0
1447062960.0,1447062960.0,107.0
1447062960.0,1447062960.0,105.0
1447062960.0,1447062960.0,105.0
1447062960.0,1447062960.0,106.0
1447062960.0,1447062960.0,106.0
1447062960.0,1447062960.0,106.0
1447062960.0,1447062960.0,106.0
1447062960.0,1447062960.0,107.0
1447062960.0,1447062960.0,110.0
1447062960.0,1447062960.0,111.0
1447062960.0,1447062960.0,112.0
1447062960.0,1447062960.0,115.0
1447063020.0,1447063020.0,115.0
1447063020.0,1447063020.0,114.0
1447063020.0,1447063020.0,114.0
1447063020.0,1447063020.0,114.0
1447063020.0,1447063020.0,114.0
1447063020.0,1447063020.0,114.0
1447063020.0,1447063020.0,114.0
1447063020.0,1447063020.0,114.0
1447063020.0,1447063020.0,113.0
1447063020.0,1447063020.0,113.0
1447063020.0,1447063020.0,113.0
1447063020.0,1447063020.0,113.0
1447063080.0,1447063080.0,113.0
1447063080.0,1447063080.0,111.0
1447063080.0,1447063080.0,112.0
1447063080.0,1447063080.0,111.0
1447063080.0,1447063080.0,111.0
1447063080.0,1447063080.0,112.0
1447063080.0,1447063080.0,113.0
1447063080.0,1447063080.0,113.0
1447063080.0,1447063080.0,115.0
1447063080.0,1447063080.0,115.0
1447063080.0,1447063080.0,115.0
1447063080.0,1447063080.0,115.0
1447063140.0,1447063140.0,115.0
1447063140.0,1447063140.0,115.0
1447063140.0,1447063140.0,115.0
1447063140.0,1447063140.0,115.0
1447063140.0,1447063140.0,114.0
1447063140.0,1447063140.0,109.0
1447063140.0,1447063140.0,107.0
1447063140.0,1447063140.0,107.0
1447063140.0,1447063140.0,107.0
1447063140.0,1447063140.0,107.0
1447063140.0,1447063140.0,107.0
1447063140.0,1447063140.0,108.0
1447063200.0,1447063200.0,110.0
1447063200.0,1447063200.0,110.0
1447063200.0,1447063200.0,113.0
1447063200.0,1447063200.0,113.0
1447063200.0,1447063200.0,113.0
1447063200.0,1447063200.0,114.0
1447063200.0,1447063200.0,113.0
1447063200.0,1447063200.0,113.0
1447063200.0,1447063200.0,112.0
1447063200.0,1447063200.0,111.0
1447063200.0,1447063200.0,111.0
1447063200.0,1447063200.0,110.0
1447063260.0,1447063260.0,109.0
1447063260.0,1447063260.0,109.0
1447063260.0,1447063260.0,109.0
1447063260.0,1447063260.0,108.0
1447063260.0,1447063260.0,108.0
1447063260.0,1447063260.0,108.0
1447063260.0,1447063260.0,108.0
1447063260.0,1447063260.0,108.0
1447063260.0,1447063260.0,108.0
1447063260.0,1447063260.0,108.0
1447063260.0,1447063260.0,108.0
1447063260.0,1447063260.0,108.0
1447063320.0,1447063320.0,108.0
1447063320.0,1447063320.0,108.0
1447063320.0,1447063320.0,107.0
1447063320.0,1447063320.0,108.0
1447063320.0,1447063320.0,108.0
1447063320.0,1447063320.0,108.0
1447063320.0,1447063320.0,110.0
1447063320.0,1447063320.0,112.0
1447063320.0,1447063320.0,112.0
1447063320.0,1447063320.0,112.0
1447063320.0,1447063320.0,112.0
1447063320.0,1447063320.0,112.0
1447063380.0,1447063380.0,113.0
1447063380.0,1447063380.0,113.0
1447063380.0,1447063380.0,113.0
1447063380.0,1447063380.0,113.0
1447063380.0,1447063380.0,113.0
1447063380.0,1447063380.0,112.0
1447063380.0,1447063380.0,111.0
1447063380.0,1447063380.0,112.0
1447063380.0,1447063380.0,111.0
1447063380.0,1447063380.0,112.0
1447063380.0,1447063380.0,112.0
1447063380.0,1447063380.0,112.0
1447063440.0,1447063440.0,112.0
1447063440.0,1447063440.0,112.0
1447063440.0,1447063440.0,112.0
1447063440.0,1447063440.0,111.0
1447063440.0,1447063440.0,111.0
1447063440.0,1447063440.0,111.0
1447063440.0,1447063440.0,111.0
1447063440.0,1447063440.0,109.0
1447063440.0,1447063440.0,106.0
1447063440.0,1447063440.0,105.0
1447063440.0,1447063440.0,104.0
1447063440.0,1447063440.0,104.0
1447063500.0,1447063500.0,105.0
1447063500.0,1447063500.0,107.0
1447063500.0,1447063500.0,108.0
1447063500.0,1447063500.0,109.0
1447063500.0,1447063500.0,110.0
1447063500.0,1447063500.0,111.0
1447063500.0,1447063500.0,111.0
1447063500.0,1447063500.0,110.0
1447063500.0,1447063500.0,110.0
1447063500.0,1447063500.0,109.0
1447063500.0,1447063500.0,109.0
1447063500.0,1447063500.0,118.0
1447063560.0,1447063560.0,118.0
1447063560.0,1447063560.0,116.0
1447063560.0,1447063560.0,115.0
1447063560.0,1447063560.0,114.0
1447063560.0,1447063560.0,113.0
1447063560.0,1447063560.0,113.0
1447063560.0,1447063560.0,113.0
1447063560.0,1447063560.0,112.0
1447063560.0,1447063560.0,108.0
1447063560.0,1447063560.0,107.0
1447063560.0,1447063560.0,108.0
1447063560.0,1447063560.0,108.0
1447063620.0,1447063620.0,108.0
1447063620.0,1447063620.0,108.0
1447063620.0,1447063620.0,108.0
1447063620.0,1447063620.0,104.0
1447063620.0,1447063620.0,104.0
1447063620.0,1447063620.0,106.0
1447063620.0,1447063620.0,106.0
1447063620.0,1447063620.0,106.0
1447063620.0,1447063620.0,107.0
1447063620.0,1447063620.0,110.0
1447063620.0,1447063620.0,110.0
1447063620.0,1447063620.0,111.0
1447063680.0,1447063680.0,110.0
1447063680.0,1447063680.0,108.0
1447063680.0,1447063680.0,108.0
1447063680.0,1447063680.0,108.0
1447063680.0,1447063680.0,109.0
1447063680.0,1447063680.0,109.0
1447063680.0,1447063680.0,109.0
1447063680.0,1447063680.0,109.0
1447063680.0,1447063680.0,109.0
1447063680.0,1447063680.0,106.0
1447063680.0,1447063680.0,104.0
1447063680.0,1447063680.0,104.0
1447063740.0,1447063740.0,104.0
1447063740.0,1447063740.0,104.0
1447063740.0,1447063740.0,104.0
1447063740.0,1447063740.0,104.0
1447063740.0,1447063740.0,104.0
1447063740.0,1447063740.0,104.0
1447063740.0,1447063740.0,104.0
1447063740.0,1447063740.0,104.0
1447063740.0,1447063740.0,104.0
1447063740.0,1447063740.0,104.0
1447063740.0,1447063740.0,104.0
1447063740.0,1447063740.0,104.0
1447063800.0,1447063800.0,104.0
1447063800.0,1447063800.0,104.0
1447063800.0,1447063800.0,104.0
1447063800.0,1447063800.0,104.0
1447063800.0,1447063800.0,104.0
1447063800.0,1447063800.0,104.0
1447063800.0,1447063800.0,104.0
1447063800.0,1447063800.0,104.0
1447063800.0,1447063800.0,104.0
1447063800.0,1447063800.0,106.0
1447063800.0,1447063800.0,107.0
1447063800.0,1447063800.0,107.0
1447063860.0,1447063860.0,107.0
1447063860.0,1447063860.0,107.0
1447063860.0,1447063860.0,107.0
1447063860.0,1447063860.0,107.0
1447063860.0,1447063860.0,107.0
1447063860.0,1447063860.0,108.0
1447063860.0,1447063860.0,108.0
1447063860.0,1447063860.0,107.0
1447063860.0,1447063860.0,107.0
1447063860.0,1447063860.0,107.0
1447063860.0,1447063860.0,107.0
1447063860.0,1447063860.0,108.0
1447063920.0,1447063920.0,113.0
1447063920.0,1447063920.0,113.0
1447063920.0,1447063920.0,112.0
1447063920.0,1447063920.0,111.0
1447063920.0,1447063920.0,111.0
1447063920.0,1447063920.0,108.0
1447063920.0,1447063920.0,108.0
1447063920.0,1447063920.0,108.0
1447063920.0,1447063920.0,108.0
1447063920.0,1447063920.0,106.0
1447063920.0,1447063920.0,104.0
1447063920.0,1447063920.0,104.0
1447063980.0,1447063980.0,105.0
1447063980.0,1447063980.0,106.0
1447063980.0,1447063980.0,112.0
1447063980.0,1447063980.0,113.0
1447063980.0,1447063980.0,113.0
1447063980.0,1447063980.0,113.0
1447063980.0,1447063980.0,111.0
1447064040.0,1447064040.0,111.0
1447064040.0,1447064040.0,104.0
1447064040.0,1447064040.0,104.0
1447064040.0,1447064040.0,104.0
1447064040.0,1447064040.0,104.0
1447064040.0,1447064040.0,104.0
1447064520.0,1447064520.0,97.0
1447065180.0,1447065180.0,92.0
1447065960.0,1447065960.0,92.0
1447066680.0,1447066680.0,61.0
1447067340.0,1447067340.0,83.0
1447067880.0,1447067880.0,76.0
1447068480.0,1447068480.0,81.0
1447069020.0,1447069020.0,81.0
1447069740.0,1447069740.0,81.0
1447070280.0,1447070280.0,81.0
1447070880.0,1447070880.0,88.0
1447071480.0,1447071480.0,81.0
1447072140.0,1447072140.0,107.0
1447072740.0,1447072740.0,69.0
1447073280.0,1447073280.0,83.0
1447073880.0,1447073880.0,81.0
1447074420.0,1447074420.0,74.0
1447075140.0,1447075140.0,81.0
1447075980.0,1447075980.0,69.0
1447076580.0,1447076580.0,78.0
1447077300.0,1447077300.0,78.0
1447078080.0,1447078080.0,84.0
1447078920.0,1447078920.0,66.0
1447080780.0,1447080780.0,88.0
1447081320.0,1447081320.0,81.0
1447082580.0,1447082580.0,66.0
1447083420.0,1447083420.0,92.0
1447083960.0,1447083960.0,67.0
1447084500.0,1447084500.0,78.0
1447085100.0,1447085100.0,78.0
1447085640.0,1447085640.0,79.0
1447086300.0,1447086300.0,81.0
1447086900.0,1447086900.0,74.0
1447087620.0,1447087620.0,69.0
1447088160.0,1447088160.0,81.0
1447088700.0,1447088700.0,72.0
1447089300.0,1447089300.0,81.0
1447089960.0,1447089960.0,78.0
1447090620.0,1447090620.0,74.0
1447091220.0,1447091220.0,72.0
1447091880.0,1447091880.0,81.0
1447092420.0,1447092420.0,65.0
1447092960.0,1447092960.0,65.0
1447093560.0,1447093560.0,65.0
1447094100.0,1447094100.0,69.0
1447094760.0,1447094760.0,65.0
1447095660.0,1447095660.0,113.0
1447096200.0,1447096200.0,88.0
1447096860.0,1447096860.0,65.0
1447097460.0,1447097460.0,69.0
1447098060.0,1447098060.0,77.0
1447098660.0,1447098660.0,69.0
1447099200.0,1447099200.0,74.0
1447099800.0,1447099800.0,74.0
1447099860.0,1447099860.0,74.0
1447099860.0,1447099860.0,74.0
1447099920.0,1447099920.0,69.0
1447100400.0,1447100400.0,74.0
1447101000.0,1447101000.0,69.0
1447101600.0,1447101600.0,72.0
1447102140.0,1447102140.0,72.0
1447102740.0,1447102740.0,69.0
1447103280.0,1447103280.0,69.0
1447103820.0,1447103820.0,69.0
1447104420.0,1447104420.0,65.0
1447104960.0,1447104960.0,69.0
1447105500.0,1447105500.0,65.0
1447106220.0,1447106220.0,65.0
1447106820.0,1447106820.0,72.0
1447107360.0,1447107360.0,61.0
1447107900.0,1447107900.0,61.0
1447108440.0,1447108440.0,61.0
1447109040.0,1447109040.0,72.0
1447109760.0,1447109760.0,97.0
1447110300.0,1447110300.0,62.0
1447110840.0,1447110840.0,69.0
1447111440.0,1447111440.0,69.0
1447112040.0,1447112040.0,67.0
1447138740.0,1447138740.0,74.0
1447139280.0,1447139280.0,68.0
1447140780.0,1447140780.0,74.0
1447141380.0,1447141380.0,81.0
1447142040.0,1447142040.0,81.0
1447142580.0,1447142580.0,92.0
1447143240.0,1447143240.0,97.0
1447143780.0,1447143780.0,78.0
1447144380.0,1447144380.0,88.0
1447145100.0,1447145100.0,100.0
1447145700.0,1447145700.0,138.0
1447146360.0,1447146360.0,92.0
1447147020.0,1447147020.0,71.0
1447147680.0,1447147680.0,81.0
1447148280.0,1447148280.0,81.0
1447148940.0,1447148940.0,88.0
1447150020.0,1447150020.0,129.0
1447150740.0,1447150740.0,93.0
1447151280.0,1447151280.0,88.0
1447151880.0,1447151880.0,88.0
1447152480.0,1447152480.0,97.0
1447153080.0,1447153080.0,81.0
1447153620.0,1447153620.0,88.0
1447154520.0,1447154520.0,83.0
1447155120.0,1447155120.0,81.0
1447155960.0,1447155960.0,69.0
1447156620.0,1447156620.0,88.0
1447157160.0,1447157160.0,84.0
1447157700.0,1447157700.0,74.0
1447158600.0,1447158600.0,74.0
1447159260.0,1447159260.0,74.0
1447160160.0,1447160160.0,88.0
1447160700.0,1447160700.0,83.0
1447161960.0,1447161960.0,74.0
1447162620.0,1447162620.0,91.0
1447163160.0,1447163160.0,81.0
1447163820.0,1447163820.0,81.0
1447164480.0,1447164480.0,66.0
1447165080.0,1447165080.0,69.0
1447165680.0,1447165680.0,81.0
1447166220.0,1447166220.0,81.0
1447166880.0,1447166880.0,81.0
1447167780.0,1447167780.0,78.0
1447168380.0,1447168380.0,74.0
1447169220.0,1447169220.0,75.0
1447169820.0,1447169820.0,92.0
1447170420.0,1447170420.0,74.0
1447170960.0,1447170960.0,74.0
1447171560.0,1447171560.0,81.0
1447172280.0,1447172280.0,74.0
1447173120.0,1447173120.0,77.0
1447173660.0,1447173660.0,74.0
1447174200.0,1447174200.0,72.0
1447174800.0,1447174800.0,81.0
1447175340.0,1447175340.0,74.0
1447175880.0,1447175880.0,69.0
1447176480.0,1447176480.0,76.0
1447177080.0,1447177080.0,81.0
1447177920.0,1447177920.0,97.0
1447179600.0,1447179600.0,88.0
1447180200.0,1447180200.0,88.0
1447180920.0,1447180920.0,102.0
1447181520.0,1447181520.0,69.0
1447182180.0,1447182180.0,81.0
1447182780.0,1447182780.0,100.0
1447183440.0,1447183440.0,107.0
1447184460.0,1447184460.0,88.0
1447185360.0,1447185360.0,78.0
1447186080.0,1447186080.0,85.0
1447186740.0,1447186740.0,77.0
1447187460.0,1447187460.0,83.0
1447188000.0,1447188000.0,81.0
1447188600.0,1447188600.0,74.0
1447189200.0,1447189200.0,72.0
1447189740.0,1447189740.0,78.0
1447190340.0,1447190340.0,72.0
1447191000.0,1447191000.0,97.0
1447191540.0,1447191540.0,74.0
1447192140.0,1447192140.0,67.0
1447192740.0,1447192740.0,74.0
1447193460.0,1447193460.0,81.0
1447194300.0,1447194300.0,88.0
1447194840.0,1447194840.0,69.0
1447195500.0,1447195500.0,83.0
1447195860.0,1447195860.0,88.0
1447195860.0,1447195860.0,86.0
1447195860.0,1447195860.0,86.0
1447195860.0,1447195860.0,83.0
1447195860.0,1447195860.0,83.0
1447195860.0,1447195860.0,83.0
1447195860.0,1447195860.0,83.0
1447223160.0,1447223160.0,93.0
1447223760.0,1447223760.0,84.0
1447224600.0,1447224600.0,72.0
1447225260.0,1447225260.0,72.0
1447227060.0,1447227060.0,74.0
1447227720.0,1447227720.0,81.0
1447228440.0,1447228440.0,83.0
1447228980.0,1447228980.0,88.0
1447229580.0,1447229580.0,69.0
1447230300.0,1447230300.0,74.0
1447232340.0,1447232340.0,72.0
1447234200.0,1447234200.0,77.0
1447234860.0,1447234860.0,88.0
1447235520.0,1447235520.0,81.0
1447236360.0,1447236360.0,76.0
1447237200.0,1447237200.0,77.0
1447237860.0,1447237860.0,81.0
1447239000.0,1447239000.0,74.0
1447239840.0,1447239840.0,88.0
1447240560.0,1447240560.0,77.0
1447241160.0,1447241160.0,81.0
1447242660.0,1447242660.0,69.0
1447243980.0,1447243980.0,100.0
1447244760.0,1447244760.0,88.0
1447246140.0,1447246140.0,97.0
1447246860.0,1447246860.0,92.0
1447247640.0,1447247640.0,85.0
1447248420.0,1447248420.0,97.0
1447249080.0,1447249080.0,88.0
1447249980.0,1447249980.0,77.0
1447251000.0,1447251000.0,88.0
1447251660.0,1447251660.0,97.0
1447252260.0,1447252260.0,84.0
1447252800.0,1447252800.0,88.0
1447253460.0,1447253460.0,88.0
1447254000.0,1447254000.0,74.0
1447254900.0,1447254900.0,77.0
1447255620.0,1447255620.0,77.0
1447256340.0,1447256340.0,81.0
1447256880.0,1447256880.0,81.0
1447257780.0,1447257780.0,72.0
1447258380.0,1447258380.0,81.0
1447258980.0,1447258980.0,88.0
1447259580.0,1447259580.0,88.0
1447260180.0,1447260180.0,81.0
1447260780.0,1447260780.0,88.0
1447261560.0,1447261560.0,61.0
1447262100.0,1447262100.0,83.0
1447263300.0,1447263300.0,81.0
1447264140.0,1447264140.0,74.0
1447264800.0,1447264800.0,81.0
1447265400.0,1447265400.0,85.0
1447265940.0,1447265940.0,81.0
1447266540.0,1447266540.0,84.0
1447267140.0,1447267140.0,83.0
1447267680.0,1447267680.0,74.0
1447268280.0,1447268280.0,74.0
1447269000.0,1447269000.0,76.0
1447269720.0,1447269720.0,74.0
1447270260.0,1447270260.0,88.0
1447270800.0,1447270800.0,76.0
1447271400.0,1447271400.0,74.0
1447272120.0,1447272120.0,77.0
1447272720.0,1447272720.0,74.0
1447273320.0,1447273320.0,74.0
1447273860.0,1447273860.0,70.0
1447274460.0,1447274460.0,77.0
1447275060.0,1447275060.0,74.0
1447275600.0,1447275600.0,65.0
1447276260.0,1447276260.0,69.0
1447276800.0,1447276800.0,74.0
1447277340.0,1447277340.0,69.0
1447277940.0,1447277940.0,69.0
1447315500.0,1447315500.0,88.0
1447316160.0,1447316160.0,84.0
1447316760.0,1447316760.0,77.0
1447317540.0,1447317540.0,88.0
1447318200.0,1447318200.0,88.0
1447318800.0,1447318800.0,107.0
1447319340.0,1447319340.0,72.0
1447320420.0,1447320420.0,68.0
1447321020.0,1447321020.0,81.0
1447321560.0,1447321560.0,81.0
1447322280.0,1447322280.0,88.0
1447322880.0,1447322880.0,77.0
1447323660.0,1447323660.0,88.0
1447324560.0,1447324560.0,85.0
1447325160.0,1447325160.0,81.0
1447325700.0,1447325700.0,77.0
1447326240.0,1447326240.0,107.0
1447326840.0,1447326840.0,83.0
1447327440.0,1447327440.0,88.0
1447328400.0,1447328400.0,84.0
1447329060.0,1447329060.0,74.0
1447329600.0,1447329600.0,88.0
1447330200.0,1447330200.0,88.0
1447330800.0,1447330800.0,92.0
1447331460.0,1447331460.0,83.0
1447332060.0,1447332060.0,74.0
1447332600.0,1447332600.0,83.0
1447333200.0,1447333200.0,83.0
1447334460.0,1447334460.0,74.0
1447335060.0,1447335060.0,72.0
1447335720.0,1447335720.0,74.0
1447336440.0,1447336440.0,74.0
1447337100.0,1447337100.0,97.0
1447337640.0,1447337640.0,69.0
1447338240.0,1447338240.0,65.0
1447339320.0,1447339320.0,76.0
1447339920.0,1447339920.0,72.0
1447340580.0,1447340580.0,81.0
1447341120.0,1447341120.0,77.0
1447341840.0,1447341840.0,85.0
1447343040.0,1447343040.0,92.0
1447343640.0,1447343640.0,83.0
1447344300.0,1447344300.0,91.0
1447344900.0,1447344900.0,97.0
1447345560.0,1447345560.0,74.0
1447346400.0,1447346400.0,81.0
1447346940.0,1447346940.0,81.0
1447347600.0,1447347600.0,83.0
1447348200.0,1447348200.0,88.0
1447348740.0,1447348740.0,69.0
1447349340.0,1447349340.0,93.0
1447350000.0,1447350000.0,88.0
1447350540.0,1447350540.0,85.0
1447351440.0,1447351440.0,78.0
1447351980.0,1447351980.0,84.0
1447352580.0,1447352580.0,88.0
1447353180.0,1447353180.0,83.0
1447354200.0,1447354200.0,97.0
1447354740.0,1447354740.0,69.0
1447355280.0,1447355280.0,72.0
1447355880.0,1447355880.0,74.0
1447356480.0,1447356480.0,74.0
1447357080.0,1447357080.0,81.0
1447357620.0,1447357620.0,69.0
1447358280.0,1447358280.0,74.0
1447358940.0,1447358940.0,65.0
1447359480.0,1447359480.0,65.0
1447360260.0,1447360260.0,69.0
1447360860.0,1447360860.0,81.0
1447361400.0,1447361400.0,100.0
1447362300.0,1447362300.0,83.0
1447362960.0,1447362960.0,69.0
1447363620.0,1447363620.0,85.0
1447364220.0,1447364220.0,65.0
1447364760.0,1447364760.0,74.0
1447365300.0,1447365300.0,72.0
1447365900.0,1447365900.0,74.0
1447366440.0,1447366440.0,69.0
1447367040.0,1447367040.0,65.0
1447367640.0,1447367640.0,69.0
1447368180.0,1447368180.0,65.0
1447369080.0,1447369080.0,72.0
1447369620.0,1447369620.0,67.0
1447370460.0,1447370460.0,91.0
1447371060.0,1447371060.0,77.0
1447371960.0,1447371960.0,97.0
1447372620.0,1447372620.0,83.0
1447373400.0,1447373400.0,69.0
1447401060.0,1447401060.0,81.0
1447401960.0,1447401960.0,74.0
1447402680.0,1447402680.0,88.0
1447404180.0,1447404180.0,81.0
1447404780.0,1447404780.0,81.0
1447405380.0,1447405380.0,81.0
1447405980.0,1447405980.0,65.0
1447406580.0,1447406580.0,76.0
1447407300.0,1447407300.0,72.0
1447407900.0,1447407900.0,74.0
1447408500.0,1447408500.0,65.0
1447409100.0,1447409100.0,65.0
1447409760.0,1447409760.0,76.0
1447410360.0,1447410360.0,65.0
1447410960.0,1447410960.0,65.0
1447411500.0,1447411500.0,67.0
1447412040.0,1447412040.0,78.0
1447412640.0,1447412640.0,81.0
1447413240.0,1447413240.0,65.0
1447413780.0,1447413780.0,57.0
1447414380.0,1447414380.0,64.0
1447414920.0,1447414920.0,66.0
1447415520.0,1447415520.0,91.0
1447416060.0,1447416060.0,65.0
1447416660.0,1447416660.0,65.0
1447417200.0,1447417200.0,57.0
1447417740.0,1447417740.0,88.0
1447418340.0,1447418340.0,88.0
1447418940.0,1447418940.0,66.0
1447419660.0,1447419660.0,57.0
1447420260.0,1447420260.0,72.0
1447420860.0,1447420860.0,61.0
1447421400.0,1447421400.0,88.0
1447421940.0,1447421940.0,69.0
1447422600.0,1447422600.0,81.0
1447423200.0,1447423200.0,81.0
1447423740.0,1447423740.0,69.0
1447424340.0,1447424340.0,78.0
1447424880.0,1447424880.0,74.0
1447425540.0,1447425540.0,74.0
1447426080.0,1447426080.0,69.0
1447426620.0,1447426620.0,69.0
1447427220.0,1447427220.0,88.0
1447428060.0,1447428060.0,76.0
1447428600.0,1447428600.0,74.0
1447429260.0,1447429260.0,65.0
1447429920.0,1447429920.0,69.0
1447430460.0,1447430460.0,72.0
1447431000.0,1447431000.0,77.0
1447431600.0,1447431600.0,73.0
1447432140.0,1447432140.0,74.0
1447432680.0,1447432680.0,77.0
1447433640.0,1447433640.0,81.0
1447434240.0,1447434240.0,77.0
1447435020.0,1447435020.0,74.0
1447435620.0,1447435620.0,88.0
1447436220.0,1447436220.0,72.0
1447436760.0,1447436760.0,81.0
1447437300.0,1447437300.0,69.0
1447437960.0,1447437960.0,78.0
1447438740.0,1447438740.0,88.0
1447439280.0,1447439280.0,107.0
1447439940.0,1447439940.0,81.0
1447440540.0,1447440540.0,81.0
1447441140.0,1447441140.0,88.0
1447444200.0,1447444200.0,81.0
1447444800.0,1447444800.0,78.0
1447445400.0,1447445400.0,83.0
1447445940.0,1447445940.0,74.0
1447446540.0,1447446540.0,74.0
1447447080.0,1447447080.0,57.0
1447452600.0,1447452600.0,65.0
1447453140.0,1447453140.0,69.0
1447453740.0,1447453740.0,69.0
1447454280.0,1447454280.0,57.0
1447454820.0,1447454820.0,65.0
1447455420.0,1447455420.0,65.0
1447456080.0,1447456080.0,65.0
1447456620.0,1447456620.0,69.0
1447457160.0,1447457160.0,65.0
1447457820.0,1447457820.0,67.0
1447458480.0,1447458480.0,59.0
1447459020.0,1447459020.0,65.0
1447459680.0,1447459680.0,61.0
1447493400.0,1447493400.0,65.0
1447494000.0,1447494000.0,57.0
1447494600.0,1447494600.0,65.0
1447495140.0,1447495140.0,57.0
1447496220.0,1447496220.0,69.0
1447496760.0,1447496760.0,81.0
1447497360.0,1447497360.0,81.0
1447497960.0,1447497960.0,83.0
1447498500.0,1447498500.0,81.0
1447499100.0,1447499100.0,81.0
1447499760.0,1447499760.0,92.0
1447500540.0,1447500540.0,70.0
1447501140.0,1447501140.0,88.0
1447501680.0,1447501680.0,85.0
1447502220.0,1447502220.0,69.0
1447502820.0,1447502820.0,88.0
1447503360.0,1447503360.0,111.0
1447503900.0,1447503900.0,102.0
1447507680.0,1447507680.0,81.0
1447508580.0,1447508580.0,88.0
1447510020.0,1447510020.0,75.0
1447510560.0,1447510560.0,85.0
1447511100.0,1447511100.0,81.0
1447511700.0,1447511700.0,81.0
1447512360.0,1447512360.0,88.0
1447512840.0,1447512840.0,88.0
1447513380.0,1447513380.0,88.0
1447514040.0,1447514040.0,97.0
1447514640.0,1447514640.0,91.0
1447515360.0,1447515360.0,97.0
1447516080.0,1447516080.0,92.0
1447516860.0,1447516860.0,85.0
1447518000.0,1447518000.0,93.0
1447518540.0,1447518540.0,74.0
1447519260.0,1447519260.0,75.0
1447519800.0,1447519800.0,81.0
1447520340.0,1447520340.0,74.0
1447520940.0,1447520940.0,69.0
1447521720.0,1447521720.0,85.0
1447522320.0,1447522320.0,69.0
1447522860.0,1447522860.0,69.0
1447523400.0,1447523400.0,85.0
1447524000.0,1447524000.0,74.0
1447524540.0,1447524540.0,69.0
1447525200.0,1447525200.0,76.0
1447525740.0,1447525740.0,69.0
1447526340.0,1447526340.0,78.0
1447526880.0,1447526880.0,69.0
1447527420.0,1447527420.0,69.0
1447528020.0,1447528020.0,69.0
1447528620.0,1447528620.0,77.0
1447529220.0,1447529220.0,65.0
1447529760.0,1447529760.0,69.0
1447530300.0,1447530300.0,69.0
1447531020.0,1447531020.0,85.0
1447531560.0,1447531560.0,65.0
1447532160.0,1447532160.0,65.0
1447532700.0,1447532700.0,65.0
1447533300.0,1447533300.0,65.0
1447533840.0,1447533840.0,83.0
1447534500.0,1447534500.0,65.0
1447535040.0,1447535040.0,65.0
1447535580.0,1447535580.0,65.0
1447536180.0,1447536180.0,65.0
1447536840.0,1447536840.0,67.0
1447537380.0,1447537380.0,74.0
1447538040.0,1447538040.0,61.0
1447538640.0,1447538640.0,57.0
1447539180.0,1447539180.0,57.0
1447539720.0,1447539720.0,57.0
1447540320.0,1447540320.0,72.0
1447540860.0,1447540860.0,54.0
1447541400.0,1447541400.0,68.0
1447541940.0,1447541940.0,57.0
1447542540.0,1447542540.0,55.0
1447543080.0,1447543080.0,57.0
1447543680.0,1447543680.0,69.0
1447544400.0,1447544400.0,59.0
1447574760.0,1447574760.0,74.0
1447575300.0,1447575300.0,57.0
1447575840.0,1447575840.0,69.0
1447576440.0,1447576440.0,65.0
1447577040.0,1447577040.0,69.0
1447577580.0,1447577580.0,67.0
1447578120.0,1447578120.0,61.0
1447578720.0,1447578720.0,74.0
1447579260.0,1447579260.0,69.0
1447579980.0,1447579980.0,57.0
1447580580.0,1447580580.0,61.0
1447581240.0,1447581240.0,65.0
1447581780.0,1447581780.0,65.0
1447582320.0,1447582320.0,74.0
1447582920.0,1447582920.0,69.0
1447583700.0,1447583700.0,81.0
1447584360.0,1447584360.0,81.0
1447584900.0,1447584900.0,74.0
1447585440.0,1447585440.0,84.0
1447586220.0,1447586220.0,81.0
1447586820.0,1447586820.0,78.0
1447590060.0,1447590060.0,116.0
1447591800.0,1447591800.0,81.0
1447592400.0,1447592400.0,69.0
1447593000.0,1447593000.0,88.0
1447594680.0,1447594680.0,81.0
1447595400.0,1447595400.0,97.0
1447596600.0,1447596600.0,85.0
1447597140.0,1447597140.0,83.0
1447597740.0,1447597740.0,81.0
1447598280.0,1447598280.0,85.0
1447598880.0,1447598880.0,92.0
1447599720.0,1447599720.0,61.0
1447600320.0,1447600320.0,69.0
1447601160.0,1447601160.0,69.0
1447602900.0,1447602900.0,84.0
1447603860.0,1447603860.0,83.0
1447604520.0,1447604520.0,88.0
1447605060.0,1447605060.0,91.0
1447605660.0,1447605660.0,81.0
1447606320.0,1447606320.0,81.0
1447606920.0,1447606920.0,117.0
1447607460.0,1447607460.0,81.0
1447608000.0,1447608000.0,74.0
1447608600.0,1447608600.0,68.0
1447609200.0,1447609200.0,97.0
1447609740.0,1447609740.0,81.0
1447610580.0,1447610580.0,74.0
1447611540.0,1447611540.0,88.0
1447612080.0,1447612080.0,81.0
1447612680.0,1447612680.0,88.0
1447613280.0,1447613280.0,81.0
1447613940.0,1447613940.0,69.0
1447621440.0,1447621440.0,113.0
1447623840.0,1447623840.0,103.0
1447624440.0,1447624440.0,97.0
1447625040.0,1447625040.0,81.0
1447625580.0,1447625580.0,83.0
1447626600.0,1447626600.0,81.0
1447627200.0,1447627200.0,70.0
1447627800.0,1447627800.0,77.0
1447628460.0,1447628460.0,78.0
1447629060.0,1447629060.0,74.0
