Time,Value
1447537695.0,0
1447537635.0,0
1447537575.0,0
1447537515.0,0
1447537455.0,0
1447537395.0,0
1447537335.0,0
1447537275.0,0
1447537215.0,42
1447537155.0,47
1447537095.0,0
1447537035.0,2
1447536975.0,0
1447536915.0,67
1447536855.0,33
1447536795.0,5
1447536735.0,0
1447536675.0,5
1447536615.0,22
1447536555.0,22
1447536495.0,25
1447536435.0,19
1447536375.0,19
1447536315.0,2
1447536255.0,28
1447536195.0,11
1447536135.0,19
1447536075.0,0
1447536015.0,0
1447535955.0,0
1447535895.0,0
1447535835.0,2
1447535775.0,2
1447535715.0,0
1447535655.0,0
1447535595.0,0
1447535535.0,0
1447535475.0,0
1447535415.0,0
1447535355.0,0
1447535295.0,0
1447535235.0,0
1447535175.0,0
1447535115.0,0
1447535055.0,0
1447534995.0,0
1447534935.0,0
1447534875.0,0
1447534815.0,0
1447534755.0,0
1447534695.0,0
1447534635.0,0
1447534575.0,0
1447534515.0,0
1447534455.0,0
1447534395.0,0
1447534335.0,0
1447534275.0,0
1447534215.0,0
1447534155.0,0
1447534095.0,5
1447534035.0,5
1447533975.0,0
1447533915.0,5
1447533855.0,2
1447533795.0,2
1447533735.0,0
1447533675.0,0
1447533615.0,0
1447533555.0,0
1447533495.0,0
1447533435.0,0
1447533375.0,0
1447533315.0,0
1447533255.0,0
1447533195.0,0
1447533135.0,0
1447533075.0,0
1447533015.0,0
1447532955.0,0
1447532895.0,14
1447532835.0,0
1447532775.0,0
1447532715.0,0
1447532655.0,0
1447532595.0,39
1447532535.0,8
1447532475.0,0
1447532415.0,0
1447532355.0,0
1447532295.0,0
1447532235.0,0
1447532175.0,0
1447532115.0,0
1447532055.0,0
1447531995.0,0
1447531935.0,0
1447531875.0,0
1447531815.0,0
1447531755.0,0
1447531695.0,0
1447531635.0,0
1447531575.0,0
1447531515.0,0
1447531455.0,2
1447531395.0,0
1447531335.0,0
1447531275.0,2
1447531215.0,0
1447531155.0,0
1447531095.0,2
1447531035.0,0
1447530975.0,0
1447530915.0,0
1447530855.0,0
1447530795.0,0
1447530735.0,0
1447530675.0,0
1447530615.0,0
1447530555.0,0
1447530495.0,0
1447530435.0,0
1447530375.0,0
1447530315.0,2
1447530255.0,2
1447530195.0,0
1447530135.0,2
1447530075.0,0
1447530015.0,2
1447529955.0,0
1447529895.0,2
1447529835.0,0
1447529775.0,0
1447529715.0,0
1447529655.0,2
1447529595.0,25
1447529535.0,33
1447529475.0,33
1447529415.0,19
1447529355.0,5
1447529295.0,19
1447529235.0,5
1447529175.0,0
1447529115.0,11
1447529055.0,25
1447528995.0,2
1447528935.0,0
1447528875.0,0
1447528815.0,0
1447528755.0,0
1447528695.0,0
1447528635.0,0
1447528575.0,2
1447528515.0,2
1447528455.0,0
1447528395.0,0
1447528335.0,0
1447528275.0,2
1447528215.0,0
1447528155.0,0
1447528095.0,0
1447528035.0,0
1447527975.0,0
1447527915.0,0
1447527855.0,0
1447527795.0,0
1447527735.0,0
1447527675.0,2
1447527615.0,0
1447527555.0,0
1447527495.0,0
1447527435.0,0
1447527375.0,0
1447527315.0,0
1447527255.0,2
1447527195.0,0
1447527135.0,0
1447527075.0,5
1447527015.0,0
1447526955.0,2
1447526895.0,0
1447526835.0,8
1447526775.0,0
1447526715.0,0
1447526655.0,0
1447526595.0,0
1447526535.0,0
1447526475.0,2
1447526415.0,2
1447526355.0,2
1447526295.0,11
1447526235.0,25
1447526175.0,42
1447526115.0,30
1447526055.0,11
1447525995.0,0
1447525935.0,2
1447525875.0,0
1447525815.0,0
1447525755.0,0
1447525695.0,0
1447525635.0,0
1447525575.0,0
1447525515.0,2
1447525455.0,2
1447525395.0,11
1447525335.0,0
1447525275.0,0
1447525215.0,0
1447525155.0,0
1447525095.0,0
1447525035.0,0
1447524975.0,0
1447524915.0,0
1447524855.0,0
1447524795.0,0
1447524735.0,0
1447524675.0,0
1447524615.0,0
1447524555.0,0
1447524495.0,0
1447524435.0,0
1447524375.0,0
1447524315.0,0
1447524255.0,0
1447524195.0,0
1447524135.0,0
1447524075.0,0
1447524015.0,0
1447523955.0,0
1447523895.0,0
1447523835.0,0
1447523775.0,0
1447523715.0,0
1447523655.0,0
1447523595.0,0
1447523535.0,0
1447523475.0,0
1447523415.0,8
1447523355.0,19
1447523295.0,2
1447523235.0,0
1447523175.0,0
1447523115.0,5
1447523055.0,19
1447522995.0,14
1447522935.0,0
1447522875.0,0
1447522815.0,0
1447522755.0,2
1447522695.0,0
1447522635.0,0
1447522575.0,0
1447522515.0,0
1447522455.0,0
1447522395.0,0
1447522335.0,2
1447522275.0,0
1447522215.0,2
1447522155.0,0
1447522095.0,0
1447522035.0,0
1447521975.0,0
1447521915.0,0
1447521855.0,0
1447521795.0,0
1447521735.0,0
1447521675.0,0
1447521615.0,0
1447521555.0,0
1447521495.0,5
1447521435.0,0
1447521375.0,0
1447521315.0,0
1447521255.0,2
1447521195.0,0
1447521135.0,0
1447521075.0,0
1447521015.0,0
1447520955.0,2
1447520895.0,0
1447520835.0,0
1447520775.0,0
1447520715.0,2
1447520655.0,0
1447520595.0,0
1447520535.0,0
1447520475.0,0
1447520415.0,0
1447520355.0,0
1447520295.0,0
1447520235.0,0
1447520175.0,0
1447520115.0,0
1447520055.0,0
1447519995.0,0
1447519935.0,0
1447519875.0,0
1447519815.0,0
1447519755.0,0
1447519695.0,0
1447519635.0,0
1447519575.0,0
1447519515.0,50
1447519455.0,92
1447519395.0,0
1447519335.0,0
1447519275.0,0
1447519215.0,0
1447519155.0,0
1447519095.0,0
1447519035.0,0
1447518975.0,0
1447518915.0,0
1447518855.0,0
1447518795.0,2
1447518735.0,0
1447518675.0,0
1447518615.0,0
1447518555.0,0
1447518495.0,0
1447518435.0,0
1447518375.0,2
1447518315.0,0
1447518255.0,2
1447518195.0,0
1447518135.0,0
1447518075.0,0
1447518015.0,0
1447517955.0,5
1447517535.0,30
1447517475.0,22
1447517415.0,11
1447517355.0,16
1447517295.0,28
1447517235.0,33
1447517175.0,42
1447517115.0,2
1447517055.0,2
1447516995.0,0
1447516935.0,0
1447516875.0,0
1447516815.0,0
1447516755.0,5
1447516695.0,0
1447516635.0,0
1447516575.0,0
1447516515.0,0
1447516455.0,0
1447516395.0,0
1447516335.0,0
1447516275.0,0
1447516215.0,0
1447516155.0,0
1447516095.0,0
1447516035.0,2
1447515975.0,16
1447515915.0,14
1447515855.0,22
1447515795.0,0
1447515735.0,0
1447515675.0,0
1447515615.0,0
1447515555.0,8
1447511895.0,0
1447511835.0,0
1447511775.0,0
1447511715.0,0
1447511655.0,0
1447511595.0,0
1447511535.0,0
1447511475.0,0
1447511415.0,0
1447511355.0,0
1447511295.0,0
1447511235.0,0
1447511175.0,0
1447511115.0,0
1447511055.0,0
1447510995.0,0
1447510935.0,0
1447507395.0,2
1447507335.0,11
1447507275.0,22
1447507215.0,5
1447507155.0,30
1447507095.0,14
1447507035.0,22
1447506975.0,16
1447506795.0,25
1447506675.0,36
1447506615.0,56
1447506555.0,56
1447506495.0,30
1447506435.0,0
1447506375.0,0
1447506315.0,0
1447506255.0,2
1447506195.0,0
1447506135.0,8
1447506075.0,2
1447506015.0,0
1447505955.0,0
1447505895.0,0
1447505835.0,16
1447505775.0,0
1447505715.0,0
1447505655.0,2
1447505595.0,0
1447505535.0,2
1447505475.0,11
1447505415.0,0
1447505355.0,5
1447505295.0,8
1447505235.0,14
1447505175.0,8
1447505115.0,22
1447504995.0,2
1447504935.0,0
1447504875.0,0
1447504815.0,0
1447504755.0,0
1447504695.0,2
1447504635.0,0
1447504575.0,0
1447504515.0,0
1447504455.0,0
1447504395.0,2
1447504335.0,0
1447504275.0,0
1447504215.0,0
1447504155.0,0
1447504095.0,0
1447504035.0,0
1447503975.0,0
1447503915.0,0
1447503855.0,0
1447503795.0,0
1447503735.0,0
1447503675.0,0
1447503615.0,19
1447503555.0,14
1447503495.0,2
1447503435.0,0
1447503375.0,0
1447503315.0,0
1447502461.0,0
1447502401.0,0
1447502341.0,0
1447502281.0,0
1447502221.0,25
1447502161.0,0
1447502101.0,5
1447502041.0,16
1447501981.0,2
1447501921.0,2
1447501861.0,0
1447501801.0,5
1447501741.0,0
1447501681.0,0
1447501621.0,0
1447501561.0,11
1447501501.0,19
1447501441.0,28
1447501381.0,22
1447501321.0,25
1447501261.0,28
1447501201.0,44
1447501141.0,5
1447501081.0,14
1447501021.0,8
1447500961.0,11
1447500901.0,50
1447500841.0,33
1447500781.0,25
1447500721.0,25
1447500661.0,2
1447500601.0,28
1447500541.0,25
1447500481.0,11
1447500421.0,16
1447500361.0,5
1447500301.0,16
1447500241.0,2
1447500181.0,14
1447500121.0,19
1447500061.0,14
1447500001.0,28
1447499941.0,19
1447499881.0,0
1447499821.0,47
1447499761.0,5
1447499701.0,2
1447499641.0,11
1447499581.0,5
1447498201.0,30
1447492561.0,86
1447492501.0,28
1447492441.0,33
1447487821.0,2
1447487461.0,0
1447487401.0,0
1447487341.0,2
1447487281.0,0
1447487221.0,0
1447487161.0,0
1447487101.0,0
1447487041.0,0
1447486981.0,2
1447486921.0,0
1447486861.0,0
1447486801.0,0
1447486741.0,0
1447486681.0,0
1447486621.0,0
1447486561.0,0
1447486501.0,0
1447486441.0,0
1447486381.0,0
1447486321.0,0
1447486261.0,0
1447486201.0,0
1447486141.0,0
1447486081.0,0
1447486021.0,0
1447485961.0,0
1447485901.0,0
1447485841.0,0
1447485781.0,5
1447485721.0,11
1447485661.0,16
1447485601.0,2
1447485541.0,0
1447485481.0,0
1447485421.0,0
1447485361.0,0
1447485301.0,0
1447485241.0,0
1447485181.0,0
1447485121.0,14
1447485061.0,2
1447485001.0,0
1447484941.0,0
1447484881.0,0
1447484821.0,0
1447484761.0,0
1447484701.0,2
1447484641.0,0
1447484581.0,0
1447484521.0,0
1447484461.0,2
1447484401.0,5
1447484341.0,0
1447484281.0,0
1447484221.0,0
1447484161.0,0
1447484101.0,2
1447484041.0,0
1447483981.0,0
1447483921.0,0
1447483861.0,0
1447483801.0,0
1447483741.0,0
1447483681.0,0
1447483621.0,0
1447483561.0,0
1447483501.0,0
1447483441.0,0
1447483381.0,0
1447483321.0,0
1447483261.0,0
1447483201.0,0
1447483141.0,0
1447483081.0,0
1447483021.0,0
1447482961.0,0
1447482901.0,0
1447482841.0,0
1447482781.0,0
1447482721.0,0
1447482661.0,0
1447482601.0,0
1447482541.0,0
1447482481.0,0
1447482421.0,0
1447482361.0,0
1447482301.0,0
1447482241.0,0
1447482181.0,0
1447482121.0,0
1447482061.0,0
1447482001.0,0
1447481941.0,0
1447481881.0,0
1447481821.0,0
1447481761.0,0
1447481701.0,0
1447481641.0,0
1447481581.0,0
1447481521.0,0
1447481461.0,0
1447481401.0,0
1447481341.0,0
1447481281.0,0
1447481221.0,0
1447481161.0,0
1447481101.0,0
1447481041.0,0
1447480981.0,0
1447480921.0,0
1447480861.0,0
1447480801.0,0
1447480741.0,0
1447480681.0,0
1447480621.0,0
1447480561.0,0
1447480501.0,0
1447480441.0,0
1447480381.0,0
1447480321.0,0
1447480261.0,0
1447480201.0,0
1447480141.0,0
1447480081.0,0
1447480021.0,0
1447479961.0,0
1447479901.0,0
1447479841.0,0
1447479781.0,0
1447479721.0,0
1447479661.0,0
1447479601.0,0
1447479541.0,0
1447479481.0,0
1447479421.0,0
1447479361.0,0
1447479301.0,0
1447479241.0,0
1447479181.0,0
1447479121.0,0
1447479061.0,0
1447479001.0,0
1447478941.0,0
1447478881.0,0
1447478821.0,0
1447478761.0,0
1447478701.0,0
1447478641.0,0
1447478581.0,0
1447478521.0,0
1447478461.0,0
1447478401.0,0
1447478341.0,0
1447478281.0,0
1447478221.0,0
1447478161.0,0
1447478101.0,0
1447478041.0,0
1447477981.0,0
1447477921.0,0
1447477861.0,0
1447477801.0,0
1447477741.0,0
1447477681.0,0
1447477621.0,0
1447477561.0,0
1447477501.0,0
1447477441.0,0
1447477381.0,0
1447477321.0,0
1447477261.0,0
1447477201.0,0
1447477141.0,0
1447477081.0,0
1447477021.0,0
1447476961.0,0
1447476901.0,0
1447476841.0,0
1447476781.0,0
1447476721.0,0
1447476661.0,0
1447476601.0,0
1447476541.0,0
1447476481.0,0
1447476421.0,0
1447476361.0,0
1447476301.0,0
1447476241.0,0
1447476181.0,0
1447476121.0,0
1447476061.0,0
1447476001.0,0
1447475941.0,0
1447475881.0,0
1447475821.0,0
1447475761.0,0
1447475701.0,0
1447475641.0,0
1447475581.0,0
1447475521.0,0
1447475461.0,0
1447475401.0,0
1447475341.0,0
1447475281.0,0
1447475221.0,0
1447475161.0,0
1447475101.0,0
1447475041.0,0
1447474981.0,0
1447474921.0,0
1447474861.0,0
1447474801.0,0
1447474741.0,0
1447474681.0,0
1447474621.0,0
1447474561.0,0
1447474501.0,0
1447474441.0,0
1447474381.0,0
1447474321.0,0
1447474261.0,0
1447474201.0,0
1447474141.0,0
1447474081.0,0
1447474021.0,0
1447473961.0,0
1447473901.0,0
1447473841.0,0
1447473781.0,0
1447473721.0,0
1447473661.0,0
1447473601.0,0
1447473541.0,0
1447473481.0,0
1447473421.0,0
1447473361.0,0
1447473301.0,0
1447473241.0,0
1447473181.0,0
1447473121.0,0
1447473061.0,0
1447473001.0,0
1447472941.0,0
1447472881.0,0
1447472821.0,0
1447472761.0,0
1447472701.0,0
1447472641.0,0
1447472581.0,0
1447472521.0,0
1447472461.0,0
1447472401.0,0
1447472341.0,0
1447472281.0,0
1447472221.0,0
1447472161.0,0
1447472101.0,0
1447472041.0,0
1447471981.0,0
1447471921.0,0
1447471861.0,0
1447471801.0,0
1447471741.0,0
1447471681.0,0
1447471621.0,0
1447471561.0,0
1447471501.0,0
1447471441.0,0
1447471381.0,0
1447471321.0,0
1447471261.0,0
1447471201.0,0
1447471141.0,0
1447471081.0,0
1447471021.0,0
1447470961.0,0
1447470901.0,0
1447470841.0,0
1447470781.0,0
1447470721.0,0
1447470661.0,0
1447470601.0,0
1447470541.0,0
1447470481.0,0
1447470421.0,0
1447470361.0,0
1447470301.0,0
1447470241.0,0
1447470181.0,0
1447470121.0,0
1447470061.0,0
1447470001.0,0
1447469941.0,0
1447469881.0,0
1447469821.0,0
1447469761.0,0
1447469701.0,0
1447469641.0,0
1447469581.0,0
1447469521.0,2
1447469461.0,0
1447469401.0,0
1447469341.0,0
1447469281.0,0
1447469221.0,0
1447469161.0,0
1447469101.0,0
1447469041.0,0
1447468981.0,0
1447468921.0,0
1447468861.0,0
1447468801.0,0
1447468741.0,0
1447468681.0,0
1447468621.0,0
1447468561.0,0
1447468501.0,0
1447468441.0,0
1447468381.0,0
1447468321.0,0
1447468261.0,0
1447468201.0,0
1447468141.0,0
1447468081.0,0
1447468021.0,0
1447467961.0,0
1447467901.0,0
1447467841.0,0
1447467781.0,0
1447467721.0,0
1447467661.0,0
1447467601.0,0
1447467541.0,0
1447467481.0,0
1447467421.0,0
1447467361.0,0
1447467301.0,0
1447467241.0,0
1447467181.0,0
1447467121.0,0
1447467061.0,0
1447467001.0,0
1447466941.0,0
1447466881.0,0
1447466821.0,0
1447466761.0,0
1447466701.0,0
1447466641.0,0
1447466581.0,0
1447466521.0,0
1447466461.0,0
1447466401.0,0
1447466341.0,0
1447466281.0,0
1447466221.0,0
1447466161.0,0
1447466101.0,0
1447466041.0,0
1447465981.0,0
1447465921.0,0
1447465861.0,0
1447465801.0,0
1447465741.0,0
1447465681.0,0
1447465621.0,0
1447465561.0,0
1447465501.0,0
1447465441.0,0
1447465381.0,0
1447465321.0,0
1447465261.0,0
1447465201.0,0
1447465141.0,0
1447465081.0,0
1447465021.0,0
1447464961.0,0
1447464901.0,0
1447464841.0,0
1447464781.0,0
1447464721.0,0
1447464661.0,0
1447464601.0,0
1447464541.0,0
1447464481.0,0
1447464421.0,0
1447464361.0,0
1447464301.0,0
1447464241.0,0
1447464181.0,0
1447464121.0,0
1447464061.0,0
1447464001.0,0
1447463941.0,0
1447463881.0,0
1447463821.0,0
1447463761.0,0
1447463701.0,0
1447463641.0,0
1447463581.0,0
1447463521.0,0
1447463461.0,0
1447463401.0,0
1447463341.0,0
1447463281.0,0
1447463221.0,0
1447463161.0,0
1447463101.0,0
1447463041.0,0
1447462981.0,0
1447462921.0,0
1447462861.0,0
1447462801.0,0
1447462741.0,0
1447462681.0,0
1447462621.0,0
1447462561.0,0
1447462501.0,0
1447462441.0,0
1447462381.0,0
1447462321.0,0
1447462261.0,0
1447462201.0,0
1447462141.0,0
1447462081.0,0
1447462021.0,0
1447461961.0,0
1447461901.0,0
1447461841.0,0
1447461781.0,0
1447461721.0,0
1447461661.0,0
1447461601.0,0
1447461541.0,0
1447461481.0,0
1447461421.0,0
1447461361.0,0
1447461301.0,0
1447461241.0,0
1447461181.0,0
1447461121.0,0
1447461061.0,0
1447461001.0,0
1447460941.0,0
1447460881.0,0
1447460821.0,0
1447460761.0,0
1447460701.0,0
1447460641.0,0
1447460581.0,0
1447460521.0,0
1447460461.0,0
1447460401.0,0
1447460341.0,0
1447460281.0,0
1447460221.0,0
1447460161.0,0
1447460101.0,0
1447460041.0,0
1447459981.0,0
1447459921.0,0
1447459861.0,0
1447459801.0,0
1447459741.0,0
1447459681.0,0
1447459621.0,0
1447459561.0,0
1447459501.0,0
1447459441.0,0
1447459381.0,0
1447459321.0,0
1447459261.0,0
1447459201.0,0
1447459141.0,0
1447459081.0,0
1447459021.0,0
1447458961.0,0
1447458901.0,0
1447458841.0,0
1447458781.0,0
1447458721.0,0
1447458661.0,0
1447458601.0,0
1447458541.0,0
1447458481.0,0
1447458421.0,0
1447458361.0,0
1447458301.0,0
1447458241.0,5
1447458181.0,0
1447458121.0,0
1447458061.0,0
1447458001.0,0
1447457941.0,0
1447457881.0,0
1447457821.0,0
1447457761.0,0
1447457701.0,0
1447457641.0,0
1447457581.0,0
1447457521.0,0
1447457461.0,0
1447457401.0,0
1447457341.0,0
1447457281.0,0
1447457221.0,0
1447457161.0,0
1447457101.0,0
1447457041.0,0
1447456981.0,0
1447456921.0,0
1447456861.0,0
1447456801.0,0
1447456741.0,0
1447456681.0,0
1447456621.0,0
1447456561.0,0
1447456501.0,2
1447456441.0,0
1447456381.0,0
1447456321.0,0
1447456261.0,0
1447456201.0,0
1447456141.0,0
1447456081.0,0
1447456021.0,0
1447455961.0,0
1447455901.0,0
1447455841.0,0
1447455781.0,0
1447455721.0,0
1447455661.0,0
1447455601.0,0
1447455541.0,0
1447455481.0,0
1447455421.0,0
1447455361.0,0
1447455301.0,0
1447455241.0,0
1447455181.0,0
1447455121.0,0
1447455061.0,0
1447455001.0,0
1447454941.0,0
1447454881.0,0
1447454821.0,0
1447454761.0,0
1447454701.0,0
1447454641.0,0
1447454581.0,0
1447454521.0,0
1447454461.0,0
1447454401.0,0
1447454341.0,0
1447454281.0,0
1447454221.0,0
1447454161.0,0
1447454101.0,0
1447454041.0,0
1447453981.0,0
1447453921.0,0
1447453861.0,0
1447453801.0,0
1447453741.0,0
1447453681.0,0
1447453621.0,0
1447453561.0,0
1447453501.0,0
1447453441.0,0
1447453381.0,0
1447453321.0,0
1447453261.0,0
1447453201.0,0
1447453141.0,2
1447453081.0,2
1447453021.0,2
1447452961.0,19
1447452901.0,2
1447452841.0,30
1447452781.0,25
1447452721.0,42
1447452661.0,25
1447452601.0,33
1447452541.0,11
1447452481.0,0
1447452421.0,0
1447452361.0,0
1447452301.0,5
1447452241.0,0
1447452181.0,0
1447452121.0,5
1447452061.0,0
1447452001.0,0
1447451941.0,0
1447451881.0,0
1447451821.0,0
1447451761.0,0
1447451701.0,2
1447451641.0,2
1447451581.0,0
1447451521.0,2
1447451461.0,2
1447451401.0,14
1447451341.0,0
1447451281.0,0
1447451221.0,0
1447451161.0,8
1447451101.0,0
1447451041.0,0
1447450981.0,2
1447450921.0,0
1447450861.0,0
1447450801.0,0
1447450741.0,0
1447450681.0,0
1447450621.0,8
1447450561.0,0
1447450501.0,0
1447450441.0,2
1447450381.0,2
1447450321.0,8
1447450261.0,2
1447450201.0,2
1447450141.0,0
1447450081.0,0
1447450021.0,0
1447449961.0,2
1447449901.0,2
1447449841.0,2
1447449781.0,0
1447449721.0,2
1447449661.0,2
1447449601.0,2
1447449541.0,0
1447449481.0,0
1447449421.0,0
1447449361.0,0
1447449301.0,2
1447449241.0,2
1447449181.0,2
1447449121.0,2
1447449061.0,2
1447449001.0,0
1447448941.0,0
1447448881.0,0
1447448821.0,5
1447448761.0,2
1447448701.0,0
1447448641.0,11
1447448581.0,14
1447448521.0,42
1447448461.0,19
1447448401.0,5
1447448341.0,8
1447448281.0,0
1447448221.0,2
1447448161.0,0
1447448101.0,2
1447448041.0,5
1447447981.0,0
1447447921.0,2
1447447861.0,2
1447447801.0,0
1447447741.0,5
1447447681.0,0
1447447621.0,0
1447447561.0,0
1447447501.0,0
1447447441.0,2
1447447381.0,2
1447447321.0,5
1447447261.0,5
1447447201.0,8
1447447141.0,14
1447447081.0,0
1447447021.0,0
1447446961.0,0
1447446901.0,2
1447446841.0,0
1447446781.0,2
1447446721.0,30
1447446661.0,14
1447446601.0,0
1447446541.0,2
1447446481.0,0
1447446421.0,2
1447446361.0,2
1447446301.0,2
1447446241.0,0
1447446181.0,0
1447446121.0,5
1447446061.0,14
1447446001.0,5
1447445941.0,0
1447445881.0,0
1447445821.0,0
1447445761.0,0
1447445701.0,5
1447445641.0,0
1447445581.0,0
1447445521.0,0
1447445461.0,0
1447445401.0,0
1447445341.0,0
1447445281.0,2
1447445221.0,0
1447445161.0,0
1447445101.0,0
1447445041.0,0
1447444981.0,2
1447444921.0,2
1447444861.0,33
1447444801.0,14
1447444741.0,19
1447444681.0,5
1447444621.0,14
1447444561.0,0
1447444501.0,30
1447444441.0,36
1447444381.0,8
1447444321.0,14
1447444261.0,28
1447444201.0,44
1447444141.0,16
1447444081.0,47
1447444021.0,19
1447443961.0,22
1447443901.0,11
1447443841.0,8
1447443781.0,0
1447443721.0,2
1447443661.0,0
1447443601.0,0
1447443541.0,2
1447443481.0,0
1447443421.0,5
1447443361.0,5
1447443301.0,0
1447443241.0,5
1447443181.0,5
1447443121.0,0
1447443061.0,0
1447443001.0,5
1447442941.0,5
1447442881.0,2
1447442821.0,2
1447442761.0,0
1447442701.0,8
1447442641.0,0
1447442581.0,0
1447442521.0,2
1447442461.0,0
1447442401.0,0
1447442161.0,0
1447442101.0,5
1447441681.0,0
1447441621.0,0
1447441561.0,0
1447441501.0,0
1447441441.0,0
1447441381.0,0
1447441321.0,0
1447441261.0,0
1447441201.0,0
1447441141.0,0
1447441081.0,0
1447441021.0,0
1447440961.0,0
1447440901.0,0
1447440841.0,0
1447440781.0,2
1447440721.0,0
1447440661.0,0
1447440601.0,0
1447440541.0,0
1447440481.0,0
1447440421.0,0
1447440361.0,0
1447440301.0,0
1447440241.0,0
1447440181.0,0
1447440121.0,0
1447440061.0,0
1447440001.0,0
1447439941.0,0
1447439881.0,0
1447439821.0,0
1447439761.0,0
1447439701.0,0
1447439641.0,0
1447439581.0,0
1447439521.0,0
1447439461.0,0
1447439341.0,0
1447439281.0,0
1447439221.0,0
1447439161.0,0
1447437121.0,0
1447437061.0,0
1447437001.0,0
1447436941.0,0
1447436881.0,0
1447436821.0,16
1447436761.0,47
1447436701.0,39
1447436641.0,11
1447436581.0,36
1447436521.0,33
1447436461.0,28
1447436401.0,39
1447436341.0,0
1447436281.0,0
1447436221.0,0
1447436161.0,0
1447436101.0,0
1447436041.0,0
1447435981.0,0
1447435921.0,0
1447435861.0,0
1447435801.0,5
1447435741.0,0
1447435681.0,0
1447435621.0,2
1447435561.0,8
1447435501.0,42
1447435441.0,50
1447435381.0,47
1447435321.0,39
1447435261.0,30
1447435201.0,14
1447435141.0,11
1447435081.0,14
1447435021.0,19
1447434961.0,56
1447434901.0,42
1447434841.0,92
1447434781.0,81
1447434721.0,70
1447434661.0,100
1447434601.0,25
1447434541.0,86
1447434481.0,72
1447434421.0,70
1447434361.0,81
1447434301.0,92
1447434241.0,84
1447434181.0,128
1447434121.0,92
1447434061.0,112
1447434001.0,120
1447433941.0,142
1447433881.0,61
1447433821.0,0
1447433761.0,2
1447433701.0,30
1447433641.0,28
1447433581.0,0
1447433521.0,0
1447433461.0,0
1447433401.0,0
1447433341.0,0
1447433281.0,0
1447433221.0,0
1447433161.0,0
1447433101.0,0
1447433041.0,0
1447432981.0,0
1447432921.0,0
1447432861.0,0
1447432801.0,0
1447432741.0,0
1447432681.0,0
1447432621.0,0
1447432561.0,0
1447432501.0,0
1447432441.0,0
1447432381.0,0
1447432321.0,0
1447432261.0,2
1447432201.0,2
1447432141.0,0
1447432081.0,0
1447432021.0,0
1447431961.0,0
1447431901.0,0
1447431841.0,0
1447431781.0,0
1447431721.0,0
1447431661.0,0
1447431601.0,0
1447431541.0,2
1447431481.0,0
1447431421.0,0
1447431361.0,22
1447431301.0,11
1447431241.0,5
1447431181.0,0
1447431121.0,0
1447431061.0,0
1447431001.0,0
1447430941.0,0
1447430881.0,0
1447430821.0,0
1447430761.0,0
1447430701.0,0
1447430641.0,0
1447430581.0,8
1447430521.0,0
1447430461.0,0
1447430401.0,5
1447430341.0,0
1447430281.0,0
1447430221.0,0
1447430161.0,0
1447430101.0,0
1447430041.0,0
1447429981.0,0
1447429921.0,0
1447429861.0,2
1447429801.0,2
1447429741.0,0
1447429681.0,0
1447429621.0,0
1447429561.0,0
1447429501.0,0
1447429441.0,0
1447429381.0,0
1447429321.0,0
1447429261.0,0
1447429201.0,0
1447429141.0,0
1447429081.0,0
1447429021.0,0
1447428961.0,0
1447428901.0,5
1447428841.0,0
1447428781.0,30
1447428721.0,30
1447428661.0,0
1447428601.0,0
1447428541.0,0
1447428481.0,0
1447428421.0,0
1447428361.0,0
1447428301.0,0
1447428241.0,0
1447428181.0,81
1447428121.0,61
1447428061.0,0
1447428001.0,2
1447427941.0,0
1447427881.0,0
1447427821.0,0
1447427761.0,0
1447427701.0,19
1447427641.0,19
1447427581.0,0
1447427521.0,0
1447427461.0,78
1447427401.0,86
1447427341.0,11
1447427281.0,2
1447427221.0,5
1447427161.0,0
1447427101.0,0
1447427041.0,0
1447426981.0,0
1447426921.0,0
1447426861.0,0
1447426801.0,0
1447426741.0,0
1447426681.0,0
1447426621.0,5
1447426561.0,0
1447426501.0,0
1447426441.0,0
1447426381.0,0
1447426321.0,0
1447426261.0,5
1447426201.0,19
1447426141.0,2
1447426081.0,131
1447426021.0,70
1447425961.0,47
1447425901.0,42
1447425841.0,0
1447425781.0,28
1447425721.0,2
1447425661.0,11
1447425601.0,16
1447425541.0,36
1447425481.0,25
1447425421.0,16
1447425361.0,14
1447425301.0,11
1447425241.0,0
1447425181.0,5
1447425121.0,0
1447425061.0,0
1447425001.0,2
1447424941.0,0
1447424881.0,2
1447424821.0,0
1447424761.0,2
1447424701.0,5
1447424641.0,2
1447424581.0,5
1447424521.0,0
1447424461.0,5
1447424401.0,2
1447424341.0,0
1447424281.0,0
1447424221.0,0
1447424161.0,0
1447424101.0,0
1447424041.0,0
1447423981.0,11
1447423921.0,5
1447423861.0,5
1447423801.0,0
1447423741.0,2
1447423681.0,2
1447423621.0,2
1447423561.0,0
1447423501.0,0
1447423441.0,0
1447423381.0,0
1447423321.0,0
1447423261.0,2
1447423201.0,0
1447423141.0,11
1447423081.0,2
1447423021.0,0
1447422961.0,0
1447422901.0,2
1447422841.0,2
1447422781.0,2
1447422721.0,0
1447422661.0,0
1447422601.0,5
1447422541.0,42
1447422481.0,0
1447422421.0,2
1447422361.0,2
1447422301.0,0
1447422241.0,0
1447422181.0,2
1447422121.0,0
1447422061.0,0
1447422001.0,0
1447421941.0,0
1447421881.0,2
1447421821.0,5
1447421761.0,11
1447421701.0,8
1447421641.0,2
1447421581.0,8
1447421521.0,0
1447421461.0,0
1447421401.0,0
1447421341.0,2
1447421281.0,0
1447421221.0,0
1447421161.0,0
1447421101.0,0
1447421041.0,0
1447420981.0,0
1447420921.0,0
1447420861.0,0
1447420801.0,8
1447420741.0,0
1447420681.0,0
1447420621.0,0
1447420561.0,5
1447420501.0,2
1447420441.0,0
1447420381.0,0
1447420321.0,0
1447420261.0,2
1447420201.0,0
1447420141.0,2
1447420081.0,2
1447420021.0,0
1447419961.0,0
1447419901.0,2
1447419841.0,0
1447419781.0,0
1447419721.0,0
1447419661.0,0
1447419601.0,0
1447419541.0,0
1447419481.0,2
1447419421.0,2
1447419361.0,2
1447419301.0,0
1447419241.0,0
1447419181.0,0
1447419121.0,11
1447419061.0,0
1447419001.0,0
1447418941.0,2
1447418881.0,2
1447418821.0,0
1447418761.0,0
1447418701.0,0
1447418641.0,0
1447418581.0,5
1447418521.0,0
1447418461.0,0
1447418401.0,0
1447418341.0,0
1447418281.0,0
1447418221.0,0
1447418161.0,2
1447418101.0,2
1447418041.0,0
1447417981.0,0
1447417921.0,2
1447417861.0,8
1447417801.0,2
1447417741.0,2
1447417681.0,0
1447417621.0,5
1447417561.0,0
1447417501.0,0
1447417441.0,0
1447417381.0,0
1447417321.0,0
1447417261.0,0
1447417201.0,2
1447417141.0,0
1447417081.0,5
1447417021.0,2
1447416961.0,5
1447416901.0,86
1447416841.0,22
1447416781.0,2
1447416661.0,2
1447416601.0,0
1447416541.0,5
1447416481.0,0
1447416421.0,0
1447416361.0,0
1447416301.0,0
1447416241.0,2
1447416181.0,0
1447416121.0,0
1447416061.0,0
1447416001.0,0
1447415941.0,0
1447415881.0,0
1447415821.0,0
1447415761.0,0
1447415701.0,0
1447415641.0,16
1447415581.0,11
1447415521.0,14
1447415461.0,0
1447415401.0,0
1447415341.0,2
1447415281.0,2
1447415221.0,0
1447415161.0,5
1447415101.0,0
1447415041.0,0
1447414981.0,0
1447414921.0,0
1447414861.0,0
1447414801.0,0
1447414741.0,0
1447414681.0,0
1447414621.0,0
1447414561.0,0
1447414501.0,2
1447414441.0,0
1447414381.0,2
1447414321.0,0
1447414261.0,5
1447414201.0,0
1447414141.0,8
1447414081.0,25
1447414021.0,0
1447413961.0,2
1447413901.0,2
1447413841.0,0
1447413781.0,2
1447413721.0,2
1447413661.0,2
1447413601.0,0
1447413541.0,0
1447413481.0,0
1447413421.0,2
1447413361.0,0
1447413301.0,0
1447413241.0,2
1447413181.0,11
1447413121.0,5
1447413061.0,5
1447413001.0,58
1447412941.0,64
1447412881.0,75
1447412821.0,89
1447412761.0,36
1447412701.0,16
1447412641.0,64
1447412581.0,70
1447412521.0,0
1447412461.0,0
1447412401.0,0
1447412341.0,0
1447412281.0,2
1447412221.0,0
1447412161.0,0
1447412101.0,0
1447412041.0,2
1447411981.0,0
1447411921.0,0
1447411861.0,2
1447411801.0,0
1447411741.0,0
1447411681.0,0
1447411621.0,5
1447411561.0,44
1447411501.0,30
1447411441.0,0
1447411381.0,0
1447411321.0,0
1447411261.0,0
1447411201.0,2
1447411141.0,0
1447411081.0,0
1447411021.0,0
1447410961.0,0
1447410901.0,0
1447410841.0,0
1447410781.0,0
1447410721.0,0
1447410661.0,0
1447410601.0,0
1447410541.0,2
1447410481.0,0
1447410421.0,0
1447410361.0,0
1447410301.0,0
1447410241.0,0
1447410181.0,5
1447410121.0,0
1447410061.0,0
1447410001.0,2
1447409941.0,0
1447409881.0,0
1447409821.0,2
1447409761.0,0
1447409701.0,0
1447409641.0,0
1447409581.0,0
1447409521.0,0
1447409461.0,0
1447409401.0,0
1447409341.0,0
1447409281.0,5
1447409221.0,0
1447409161.0,0
1447409101.0,0
1447409041.0,0
1447408981.0,0
1447408921.0,0
1447408861.0,0
1447408801.0,0
1447408741.0,2
1447408681.0,2
1447408621.0,0
1447408561.0,0
1447408501.0,0
1447408441.0,0
1447408381.0,0
1447408321.0,5
1447408261.0,0
1447408201.0,0
1447408141.0,2
1447408081.0,0
1447408021.0,0
1447407961.0,2
1447407901.0,5
1447407841.0,2
1447407781.0,2
1447407721.0,5
1447407661.0,2
1447407601.0,0
1447407541.0,0
1447407481.0,0
1447407421.0,0
1447407361.0,0
1447407301.0,0
1447407241.0,0
1447407181.0,2
1447407121.0,2
1447407061.0,8
1447407001.0,0
1447406941.0,0
1447406881.0,0
1447406821.0,0
1447406761.0,2
1447406701.0,0
1447406641.0,2
1447406581.0,0
1447406521.0,0
1447406461.0,5
1447406401.0,0
1447406341.0,0
1447406281.0,0
1447406221.0,0
1447406161.0,0
1447406101.0,2
1447406041.0,0
1447405981.0,0
1447405921.0,2
1447405861.0,0
1447405801.0,0
1447405741.0,0
1447405681.0,0
1447405621.0,0
1447405561.0,0
1447405501.0,0
1447405441.0,0
1447405381.0,5
1447405321.0,2
1447405261.0,0
1447405201.0,2
1447405141.0,0
1447405081.0,0
1447405021.0,0
1447404961.0,0
1447404901.0,0
1447404841.0,8
1447404781.0,19
1447404721.0,0
1447404661.0,0
1447404601.0,0
1447404541.0,0
1447404481.0,0
1447404421.0,0
1447404361.0,0
1447404301.0,0
1447404241.0,0
1447404181.0,2
1447404121.0,0
1447404061.0,0
1447404001.0,0
1447403941.0,0
1447403881.0,2
1447403821.0,2
1447403761.0,2
1447403701.0,0
1447403641.0,0
1447403581.0,0
1447403521.0,2
1447403461.0,2
1447403401.0,0
1447403341.0,0
1447403281.0,2
1447403221.0,0
1447403161.0,0
1447403101.0,0
1447403041.0,0
1447402981.0,0
1447402921.0,0
1447402861.0,5
1447402801.0,0
1447402741.0,0
1447402681.0,0
1447402621.0,2
1447402561.0,0
1447402501.0,2
1447402441.0,0
1447402381.0,0
1447402321.0,2
1447402261.0,0
1447402201.0,0
1447402141.0,0
1447402081.0,2
1447402021.0,0
1447401961.0,2
1447401901.0,8
1447401841.0,2
1447401781.0,0
1447401721.0,0
1447401661.0,0
1447401601.0,0
1447401541.0,0
1447401481.0,2
1447401421.0,0
1447401361.0,0
1447401301.0,0
1447401241.0,0
1447401181.0,0
1447401121.0,0
1447401061.0,0
1447401001.0,2
1447400941.0,2
1447400881.0,0
1447400821.0,0
1447400761.0,0
1447400701.0,0
1447400641.0,0
1447400581.0,0
1447400521.0,5
1447400461.0,2
1447400401.0,0
1447400341.0,2
1447400281.0,5
1447400221.0,0
1447400161.0,0
1447399963.0,42
1447399903.0,0
1447399843.0,30
1447399663.0,14
1447399603.0,2
1447399543.0,0
1447399483.0,5
1447399423.0,2
1447399363.0,2
1447399303.0,5
1447399243.0,2
1447399183.0,5
1447399123.0,5
1447399063.0,0
1447399003.0,0
1447398943.0,0
1447398883.0,0
1447398823.0,0
1447398763.0,0
1447398703.0,0
1447398643.0,0
1447398583.0,0
1447398523.0,0
1447398463.0,0
1447398403.0,0
1447398343.0,0
1447398283.0,0
1447398223.0,0
1447398163.0,2
1447398103.0,0
1447398043.0,5
1447397983.0,0
1447397923.0,5
1447397863.0,0
1447397803.0,0
1447397743.0,0
1447397683.0,0
1447397623.0,0
1447397563.0,0
1447397503.0,0
1447397443.0,0
1447397383.0,2
1447397323.0,2
1447397263.0,14
1447397203.0,2
1447397143.0,0
1447397083.0,0
1447397023.0,14
1447396963.0,0
1447396903.0,11
1447396843.0,25
1447396783.0,8
1447396723.0,50
1447396663.0,30
1447396603.0,2
1447396543.0,0
1447396483.0,0
1447396423.0,2
1447396363.0,0
1447396303.0,16
1447396243.0,8
1447396183.0,16
1447396123.0,11
1447396063.0,5
1447396003.0,30
1447395943.0,22
1447395883.0,2
1447395823.0,0
1447395763.0,5
1447395703.0,5
1447395643.0,2
1447395583.0,8
1447395523.0,2
1447395463.0,0
1447395403.0,2
1447395343.0,16
1447395283.0,2
1447395223.0,5
1447395163.0,0
1447395103.0,0
1447395043.0,2
1447394983.0,0
1447394923.0,0
1447394863.0,2
1447394803.0,0
1447394743.0,11
1447394683.0,2
1447394623.0,0
1447394563.0,0
1447394503.0,0
1447394323.0,0
1447394263.0,0
1447394203.0,0
1447394143.0,0
1447394083.0,2
1447394023.0,2
1447393963.0,0
1447393903.0,2
1447393843.0,0
1447393783.0,0
1447393723.0,8
1447393663.0,0
1447393603.0,22
1447393543.0,14
1447393483.0,22
1447393423.0,14
1447393363.0,5
1447393303.0,36
1447393243.0,28
1447393183.0,50
1447393123.0,16
1447393063.0,0
1447393003.0,0
1447392943.0,0
1447392883.0,0
1447392823.0,0
1447392763.0,0
1447392703.0,0
1447392643.0,0
1447392583.0,0
1447392523.0,0
1447392463.0,0
1447392403.0,39
1447392343.0,28
1447392283.0,67
1447392223.0,11
1447392163.0,5
1447392103.0,39
1447392043.0,11
1447391983.0,30
1447391923.0,30
1447391863.0,50
1447391803.0,28
1447391743.0,11
1447391683.0,44
1447391623.0,22
1447391563.0,2
1447391503.0,0
1447391443.0,0
1447391383.0,0
1447391323.0,0
1447391263.0,0
1447391203.0,0
1447391143.0,0
1447391083.0,0
1447391023.0,0
1447390963.0,0
1447390903.0,0
1447390843.0,0
1447390783.0,0
1447390723.0,0
1447390663.0,0
1447390603.0,0
1447390543.0,0
1447390483.0,0
1447390423.0,0
1447390363.0,0
1447390303.0,0
1447390243.0,0
1447390183.0,0
1447390123.0,0
1447390063.0,0
1447390003.0,2
1447389943.0,0
1447389883.0,0
1447389823.0,0
1447389763.0,0
1447389703.0,0
1447389643.0,0
1447389583.0,8
1447389523.0,28
1447389463.0,0
1447389403.0,0
1447389343.0,0
1447389283.0,0
1447389223.0,0
1447389163.0,0
1447389103.0,0
1447389043.0,0
1447388983.0,0
1447388923.0,0
1447388863.0,0
1447388803.0,0
1447388743.0,0
1447388683.0,0
1447388623.0,8
1447388563.0,0
1447388503.0,0
1447388443.0,0
1447388383.0,0
1447388323.0,0
1447388263.0,0
1447388203.0,11
1447388143.0,0
1447388083.0,0
1447388023.0,0
1447387963.0,2
1447387903.0,0
1447387843.0,0
1447387783.0,0
1447387723.0,0
1447387663.0,0
1447387603.0,0
1447387543.0,0
1447387483.0,2
1447387423.0,0
1447387363.0,0
1447387303.0,0
1447387243.0,0
1447387183.0,2
1447387123.0,0
1447387063.0,0
1447387003.0,0
1447386943.0,0
1447386883.0,0
1447386823.0,0
1447386763.0,0
1447386703.0,0
1447386643.0,0
1447386583.0,0
1447386523.0,0
1447386463.0,0
1447386403.0,0
1447386343.0,0
1447386283.0,0
1447386223.0,0
1447386163.0,0
1447386103.0,0
1447386043.0,0
1447385983.0,0
1447385923.0,0
1447385863.0,0
1447385803.0,0
1447385743.0,0
1447385683.0,0
1447385623.0,0
1447385563.0,0
1447385503.0,0
1447385443.0,0
1447385383.0,0
1447385323.0,0
1447385263.0,0
1447385203.0,0
1447385143.0,0
1447385083.0,0
1447385023.0,0
1447384963.0,0
1447384903.0,0
1447384843.0,0
1447384783.0,0
1447384723.0,0
1447384663.0,0
1447384603.0,0
1447384543.0,0
1447384483.0,0
1447384423.0,0
1447384363.0,0
1447384303.0,0
1447384243.0,0
1447384183.0,0
1447384123.0,0
1447384063.0,0
1447384003.0,0
1447383943.0,0
1447383883.0,0
1447383823.0,0
1447383763.0,0
1447383703.0,0
1447383643.0,0
1447383583.0,0
1447383523.0,0
1447383463.0,0
1447383403.0,5
1447383343.0,0
1447383283.0,0
1447383223.0,0
1447383163.0,0
1447383103.0,0
1447383043.0,0
1447382983.0,0
1447382923.0,0
1447382863.0,0
1447382803.0,0
1447382743.0,0
1447382683.0,0
1447382623.0,0
1447382563.0,0
1447382503.0,0
1447382443.0,0
1447382383.0,0
1447382323.0,0
1447382263.0,0
1447382203.0,0
1447382143.0,0
1447382083.0,0
1447382023.0,0
1447381963.0,0
1447381903.0,0
1447381843.0,0
1447381783.0,0
1447381723.0,0
1447381663.0,0
1447381603.0,0
1447381543.0,0
1447381483.0,0
1447381423.0,0
1447381363.0,0
1447381303.0,0
1447381243.0,0
1447381183.0,0
1447381123.0,0
1447381063.0,0
1447381003.0,0
1447380943.0,0
1447380883.0,0
1447380823.0,0
1447380763.0,0
1447380703.0,0
1447380643.0,0
1447380583.0,0
1447380523.0,0
1447380463.0,0
1447380403.0,0
1447380343.0,0
1447380283.0,0
1447380223.0,0
1447380163.0,5
1447380103.0,0
1447380043.0,0
1447379983.0,0
1447379923.0,0
1447379863.0,0
1447379803.0,0
1447379743.0,0
1447379683.0,0
1447379623.0,0
1447379563.0,0
1447379503.0,0
1447379443.0,0
1447379383.0,0
1447379323.0,0
1447379263.0,0
1447379203.0,0
1447379143.0,0
1447379083.0,0
1447379023.0,0
1447378963.0,0
1447378903.0,0
1447378843.0,0
1447378783.0,0
1447378723.0,0
1447378663.0,0
1447378603.0,0
1447378543.0,0
1447378483.0,0
1447378423.0,0
1447378363.0,0
1447378303.0,0
1447378243.0,0
1447378183.0,0
1447378123.0,0
1447378063.0,0
1447378003.0,0
1447377943.0,0
1447377883.0,0
1447377823.0,0
1447377763.0,0
1447377703.0,0
1447377643.0,0
1447377583.0,0
1447377523.0,0
1447377463.0,0
1447377403.0,0
1447377343.0,0
1447377283.0,0
1447377223.0,0
1447377163.0,0
1447377103.0,0
1447377043.0,0
1447376983.0,0
1447376923.0,0
1447376863.0,0
1447376803.0,0
1447376743.0,0
1447376683.0,0
1447376623.0,0
1447376563.0,0
1447376503.0,0
1447376443.0,0
1447376383.0,0
1447376323.0,0
1447376263.0,0
1447376203.0,0
1447376143.0,0
1447376083.0,0
1447376023.0,0
1447375963.0,0
1447375903.0,0
1447375843.0,0
1447375783.0,0
1447375723.0,0
1447375663.0,0
1447375603.0,0
1447375543.0,0
1447375483.0,0
1447375423.0,0
1447375363.0,0
1447375303.0,0
1447375243.0,0
1447375183.0,0
1447375123.0,0
1447375063.0,0
1447375003.0,0
1447374943.0,0
1447374883.0,0
1447374823.0,0
1447374763.0,0
1447374703.0,0
1447374643.0,0
1447374583.0,0
1447374523.0,0
1447374463.0,0
1447374403.0,0
1447374343.0,0
1447374283.0,0
1447374223.0,0
1447374163.0,0
1447374103.0,0
1447374043.0,0
1447373983.0,0
1447373923.0,0
1447373863.0,0
1447373803.0,0
1447373743.0,0
1447373683.0,0
1447373623.0,0
1447373563.0,0
1447373503.0,0
1447373443.0,0
1447373383.0,0
1447373323.0,0
1447373263.0,0
1447373203.0,0
1447373143.0,0
1447373083.0,0
1447373023.0,0
1447372963.0,0
1447372903.0,0
1447372843.0,0
1447372783.0,0
1447372723.0,0
1447372663.0,0
1447372603.0,0
1447372543.0,0
1447372483.0,0
1447372423.0,0
1447372363.0,0
1447372303.0,0
1447372243.0,0
1447372183.0,0
1447372123.0,0
1447372063.0,0
1447372003.0,0
1447371943.0,0
1447371883.0,0
1447371823.0,0
1447371763.0,0
1447371703.0,0
1447371643.0,0
1447371583.0,0
1447371523.0,0
1447371463.0,0
1447371403.0,0
1447371343.0,0
1447371283.0,0
1447371223.0,0
1447371163.0,0
1447371103.0,0
1447371043.0,0
1447370983.0,0
1447370923.0,0
1447370863.0,0
1447370803.0,0
1447370743.0,0
1447370683.0,0
1447370623.0,0
1447370563.0,0
1447370503.0,0
1447370443.0,0
1447370383.0,5
1447370323.0,2
1447370263.0,0
1447370203.0,0
1447370143.0,0
1447370083.0,0
1447370023.0,0
1447369963.0,0
1447369903.0,0
1447369843.0,0
1447369783.0,0
1447369723.0,0
1447369663.0,0
1447369603.0,0
1447369543.0,0
1447369483.0,0
1447369423.0,0
1447369363.0,0
1447369303.0,0
1447369243.0,0
1447369183.0,28
1447369123.0,39
1447369063.0,11
1447369003.0,0
1447368943.0,0
1447368883.0,0
1447368823.0,0
1447368763.0,11
1447368703.0,11
1447368643.0,36
1447368583.0,16
1447368523.0,33
1447368463.0,44
1447368403.0,30
1447368343.0,25
1447368283.0,19
1447368223.0,5
1447368163.0,14
1447368103.0,22
1447368043.0,0
1447367983.0,33
1447367485.0,14
1447367425.0,16
1447367365.0,42
1447367305.0,50
1447367245.0,67
1447367185.0,2
1447367125.0,0
1447367065.0,0
1447367005.0,2
1447366945.0,0
1447366885.0,0
1447366825.0,2
1447366765.0,0
1447366705.0,0
1447366645.0,0
1447366585.0,0
1447366525.0,0
1447366465.0,0
1447366405.0,0
1447366345.0,0
1447366285.0,2
1447366225.0,19
1447366165.0,36
1447366105.0,22
1447366045.0,84
1447365985.0,8
1447365925.0,8
1447365865.0,28
1447365805.0,14
1447365745.0,16
1447365685.0,19
1447365625.0,0
1447365565.0,14
1447365505.0,0
1447365445.0,0
1447365385.0,0
1447365325.0,28
1447365265.0,11
1447365205.0,16
1447365145.0,50
1447365085.0,14
1447365025.0,11
1447364965.0,0
1447364905.0,112
1447364845.0,44
1447364785.0,36
1447364725.0,64
1447364665.0,5
1447364605.0,5
1447364545.0,30
1447364485.0,11
1447364425.0,16
1447364365.0,42
1447364305.0,47
1447364245.0,11
1447364185.0,22
1447364125.0,11
1447364065.0,8
1447364005.0,11
1447363945.0,0
1447363885.0,5
1447363825.0,2
1447363765.0,19
1447363705.0,28
1447363645.0,16
1447363585.0,22
1447363525.0,0
1447363465.0,25
1447363405.0,16
1447363345.0,5
1447363285.0,2
1447363225.0,0
1447363165.0,5
1447363105.0,0
1447363045.0,0
1447362985.0,11
1447362925.0,56
1447362865.0,28
1447362805.0,22
1447362745.0,33
1447362685.0,8
1447362625.0,8
1447362565.0,50
1447362505.0,0
1447362445.0,0
1447362385.0,22
1447362325.0,8
1447362265.0,8
1447362205.0,0
1447362145.0,0
1447362085.0,0
1447362025.0,8
1447361965.0,8
1447361905.0,0
1447361845.0,22
1447361785.0,25
1447361725.0,5
1447361665.0,0
1447361605.0,22
1447361545.0,5
1447361485.0,2
1447361425.0,16
1447361365.0,5
1447361305.0,16
1447361245.0,5
1447361185.0,2
1447361125.0,8
1447361065.0,25
1447361005.0,14
1447360945.0,5
1447360885.0,5
1447360825.0,2
1447360765.0,0
1447360705.0,2
1447360645.0,2
1447360585.0,0
1447360525.0,0
1447360465.0,0
1447360405.0,2
1447360345.0,8
1447360285.0,0
1447360225.0,2
1447360165.0,0
1447360105.0,5
1447360045.0,14
1447359985.0,0
1447359925.0,0
1447359865.0,0
1447359805.0,0
1447359745.0,0
1447359685.0,0
1447359625.0,0
1447359565.0,0
1447359505.0,0
1447359445.0,0
1447359385.0,0
1447359325.0,8
1447359265.0,5
1447359205.0,0
1447359145.0,0
1447359085.0,0
1447359025.0,0
1447358965.0,5
1447358905.0,8
1447358845.0,14
1447358785.0,8
1447358725.0,8
1447358665.0,2
1447358605.0,0
1447358545.0,5
1447358485.0,19
1447358425.0,28
1447358365.0,8
1447358305.0,2
1447358245.0,11
1447358185.0,22
1447358125.0,0
1447358065.0,0
1447358005.0,0
1447357945.0,2
1447357885.0,0
1447357825.0,5
1447357765.0,0
1447357705.0,2
1447357645.0,11
1447357585.0,0
1447357525.0,16
1447357465.0,5
1447357405.0,0
1447357345.0,5
1447357285.0,2
1447357225.0,0
1447357165.0,19
1447357105.0,2
1447357045.0,109
1447356985.0,78
1447356925.0,5
1447356865.0,0
1447356805.0,0
1447356745.0,8
1447356685.0,11
1447356625.0,0
1447356565.0,11
1447356505.0,0
1447356445.0,0
1447356385.0,16
1447356325.0,5
1447356265.0,2
1447356205.0,5
1447356145.0,5
1447356085.0,8
1447356025.0,0
1447355965.0,8
1447355905.0,2
1447355845.0,11
1447355785.0,0
1447355725.0,5
1447355665.0,5
1447355605.0,0
1447355545.0,16
1447355485.0,11
1447355425.0,8
1447355365.0,0
1447355305.0,0
1447355245.0,0
1447355185.0,0
1447355125.0,28
1447355065.0,5
1447355005.0,8
1447354945.0,19
1447354885.0,0
1447354825.0,14
1447354765.0,16
1447354705.0,2
1447354645.0,5
1447354585.0,5
1447354525.0,0
1447354465.0,8
1447354405.0,0
1447354345.0,22
1447354285.0,2
1447354225.0,0
1447354165.0,0
1447354105.0,0
1447354045.0,5
1447353985.0,2
1447353925.0,19
1447353865.0,22
1447353805.0,2
1447353745.0,8
1447353685.0,14
1447353625.0,5
1447353565.0,0
1447353505.0,0
1447353445.0,0
1447353385.0,0
1447353325.0,0
1447353265.0,16
1447353205.0,11
1447353145.0,11
1447353085.0,5
1447353025.0,5
1447352965.0,25
1447352905.0,0
1447352845.0,19
1447352785.0,30
1447352725.0,64
1447352665.0,22
1447352605.0,2
1447352545.0,0
1447352485.0,14
1447352425.0,42
1447352365.0,44
1447352305.0,16
1447352245.0,8
1447352185.0,19
1447352125.0,0
1447352065.0,0
1447352005.0,22
1447351945.0,0
1447351885.0,2
1447351825.0,0
1447351765.0,2
1447351705.0,5
1447351645.0,0
1447351585.0,0
1447351525.0,0
1447351465.0,2
1447351405.0,14
1447351345.0,5
1447351285.0,2
1447351225.0,2
1447351165.0,2
1447351105.0,8
1447351045.0,2
1447350985.0,5
1447350925.0,2
1447350865.0,0
1447350805.0,0
1447350745.0,2
1447350685.0,22
1447350625.0,2
1447350565.0,0
1447350505.0,0
1447350445.0,25
1447350385.0,30
1447350325.0,5
1447350265.0,8
1447350205.0,14
1447350145.0,0
1447350085.0,0
1447350025.0,2
1447349965.0,8
1447349905.0,5
1447349845.0,0
1447349785.0,0
1447349725.0,0
1447349665.0,0
1447349605.0,0
1447349545.0,8
1447349485.0,47
1447349425.0,14
1447349365.0,0
1447349305.0,0
1447349245.0,2
1447349185.0,0
1447349125.0,2
1447349065.0,0
1447349005.0,0
1447348945.0,2
1447348885.0,0
1447348825.0,11
1447348765.0,2
1447348705.0,2
1447348645.0,14
1447348585.0,8
1447348525.0,0
1447348465.0,0
1447348405.0,0
1447348345.0,0
1447348285.0,5
1447348225.0,2
1447348165.0,5
1447348105.0,0
1447348045.0,0
1447347985.0,0
1447347925.0,0
1447347865.0,14
1447347805.0,5
1447347745.0,0
1447347685.0,0
1447347625.0,0
1447347565.0,2
1447347505.0,0
1447347445.0,0
1447347385.0,0
1447347325.0,0
1447347265.0,5
1447347205.0,0
1447347145.0,0
1447347085.0,0
1447347025.0,0
1447346965.0,0
1447346905.0,0
1447346845.0,0
1447346785.0,14
1447346725.0,44
1447346665.0,39
1447346605.0,89
1447346545.0,64
1447346485.0,39
1447346425.0,53
1447346365.0,2
1447346305.0,0
1447346245.0,0
1447346185.0,16
1447346125.0,47
1447346065.0,117
1447346005.0,42
1447345945.0,11
1447345885.0,30
1447345825.0,14
1447345765.0,8
1447345705.0,11
1447345645.0,0
1447345585.0,0
1447345525.0,2
1447345465.0,8
1447345405.0,0
1447345345.0,8
1447345285.0,0
1447345225.0,5
1447345165.0,0
1447345105.0,14
1447345045.0,0
1447344985.0,8
1447344925.0,0
1447344865.0,5
1447344805.0,5
1447344745.0,5
1447344685.0,8
1447344625.0,16
1447344565.0,2
1447344505.0,14
1447344445.0,11
1447344385.0,2
1447344325.0,0
1447344265.0,19
1447344205.0,0
1447344145.0,0
1447344085.0,0
1447344025.0,44
1447343965.0,16
1447343905.0,8
1447343845.0,22
1447343785.0,11
1447343725.0,8
1447343665.0,25
1447343605.0,19
1447343545.0,19
1447343485.0,5
1447343425.0,11
1447343365.0,0
1447343305.0,2
1447343245.0,8
1447343185.0,5
1447343125.0,5
1447343065.0,14
1447343005.0,2
1447342945.0,14
1447342885.0,22
1447342825.0,16
1447342765.0,0
1447342705.0,5
1447342645.0,5
1447342585.0,19
1447342525.0,14
1447342465.0,11
1447342405.0,14
1447342345.0,28
1447342285.0,39
1447342225.0,14
1447342165.0,58
1447342105.0,42
1447342045.0,2
1447341985.0,2
1447341925.0,0
1447341865.0,33
1447341805.0,42
1447341745.0,2
1447341685.0,8
1447341625.0,5
1447341565.0,0
1447341505.0,8
1447341445.0,0
1447341385.0,2
1447341325.0,5
1447341265.0,22
1447341205.0,53
1447341145.0,8
1447341085.0,11
1447341025.0,0
1447340965.0,30
1447340905.0,16
1447340845.0,28
1447340785.0,42
1447340725.0,44
1447340665.0,5
1447340605.0,36
1447340545.0,33
1447340485.0,53
1447340425.0,11
1447340365.0,28
1447340305.0,8
1447340245.0,53
1447340185.0,8
1447340125.0,36
1447340065.0,2
1447340005.0,16
1447339945.0,28
1447339885.0,5
1447339825.0,16
1447339765.0,0
1447339705.0,0
1447339645.0,0
1447339585.0,0
1447339525.0,8
1447339465.0,14
1447339405.0,8
1447339345.0,2
1447339285.0,5
1447339225.0,14
1447339165.0,2
1447339105.0,19
1447339045.0,42
1447338985.0,14
1447338925.0,89
1447338865.0,126
1447338805.0,47
1447338745.0,103
1447338685.0,50
1447338625.0,11
1447338565.0,8
1447338505.0,2
1447338445.0,19
1447338385.0,14
1447338325.0,0
1447338265.0,0
1447338205.0,0
1447338145.0,2
1447338085.0,2
1447338025.0,2
1447337965.0,0
1447337905.0,2
1447337845.0,2
1447337785.0,0
1447337725.0,2
1447337665.0,11
1447337605.0,0
1447337545.0,0
1447337485.0,0
1447337425.0,5
1447337365.0,2
1447337305.0,5
1447337245.0,8
1447337185.0,2
1447337125.0,5
1447337065.0,5
1447337005.0,2
1447336945.0,14
1447336885.0,8
1447336825.0,2
1447336765.0,2
1447336705.0,11
1447336645.0,0
1447336585.0,2
1447336525.0,5
1447336465.0,2
1447336405.0,0
1447336345.0,5
1447336285.0,0
1447336225.0,0
1447336165.0,8
1447336105.0,0
1447336045.0,11
1447335985.0,14
1447335925.0,2
1447335865.0,5
1447335805.0,5
1447335745.0,19
1447335685.0,61
1447335625.0,61
1447335565.0,109
1447335505.0,81
1447335445.0,16
1447335385.0,28
1447335325.0,86
1447335265.0,70
1447335205.0,84
1447335145.0,16
1447335085.0,25
1447335025.0,8
1447334965.0,2
1447334905.0,0
1447334845.0,28
1447334785.0,36
1447334725.0,22
1447334665.0,14
1447334605.0,19
1447334545.0,47
1447334485.0,70
1447334425.0,67
1447334365.0,61
1447334305.0,95
1447334245.0,30
1447334185.0,42
1447334125.0,14
1447334065.0,84
1447334005.0,123
1447333945.0,25
1447333885.0,0
1447333825.0,0
1447333765.0,2
1447333705.0,2
1447333645.0,0
1447333585.0,2
1447333525.0,5
1447333465.0,22
1447333405.0,2
1447333345.0,5
1447333285.0,50
1447333225.0,0
1447333165.0,70
1447333105.0,58
1447333045.0,47
1447332985.0,5
1447332925.0,0
1447332865.0,0
1447332805.0,0
1447332745.0,2
1447332685.0,5
1447332625.0,0
1447332565.0,0
1447332505.0,0
1447332445.0,0
1447332385.0,0
1447332325.0,2
1447332265.0,0
1447332205.0,0
1447332145.0,0
1447332085.0,5
1447332025.0,11
1447331965.0,2
1447331905.0,0
1447331845.0,5
1447331785.0,19
1447331725.0,8
1447331665.0,8
1447331605.0,8
1447331545.0,0
1447331485.0,0
1447331425.0,0
1447331365.0,0
1447331305.0,0
1447331245.0,0
1447331185.0,0
1447331125.0,0
1447331065.0,0
1447331005.0,0
1447330945.0,0
1447330885.0,0
1447330825.0,0
1447330765.0,8
1447330705.0,0
1447330645.0,2
1447330585.0,0
1447330525.0,0
1447330465.0,0
1447330405.0,0
1447330345.0,0
1447330285.0,0
1447330225.0,0
1447330165.0,0
1447330105.0,2
1447330045.0,0
1447329985.0,0
1447329925.0,2
1447329865.0,0
1447329805.0,2
1447329745.0,0
1447329685.0,0
1447329625.0,5
1447329565.0,0
1447329505.0,0
1447329445.0,0
1447329385.0,0
1447329325.0,0
1447329265.0,0
1447329205.0,0
1447329145.0,0
1447329085.0,0
1447329025.0,8
1447328965.0,0
1447328905.0,0
1447328845.0,0
1447328785.0,0
1447328725.0,0
1447328665.0,8
1447328605.0,30
1447328545.0,2
1447328485.0,0
1447328425.0,0
1447328365.0,2
1447328305.0,0
1447328245.0,0
1447328185.0,0
1447328125.0,0
1447328065.0,0
1447328005.0,0
1447327945.0,0
1447327885.0,0
1447327825.0,0
1447327765.0,2
1447327705.0,0
1447327645.0,0
1447327585.0,0
1447327525.0,0
1447327465.0,0
1447327405.0,0
1447327345.0,22
1447327285.0,14
1447327225.0,16
1447327165.0,0
1447327105.0,11
1447327045.0,8
1447326985.0,22
1447326925.0,0
1447326865.0,0
1447326805.0,0
1447326745.0,0
1447326685.0,22
1447326625.0,28
1447326565.0,25
1447326505.0,16
1447326445.0,30
1447326385.0,33
1447326325.0,75
1447326265.0,30
1447326205.0,0
1447326145.0,0
1447326085.0,0
1447326025.0,5
1447325965.0,0
1447325905.0,5
1447325845.0,8
1447325785.0,0
1447325725.0,0
1447325665.0,0
1447325605.0,0
1447325545.0,0
1447325485.0,0
1447325425.0,0
1447325365.0,0
1447325305.0,0
1447325245.0,0
1447325185.0,0
1447325125.0,2
1447325065.0,5
1447325005.0,0
1447324945.0,0
1447324885.0,0
1447324825.0,0
1447324765.0,0
1447324705.0,0
1447324645.0,2
1447324585.0,0
1447324525.0,0
1447324465.0,0
1447324405.0,0
1447324345.0,0
1447324285.0,0
1447324225.0,2
1447324165.0,2
1447324105.0,0
1447324045.0,0
1447323985.0,0
1447323925.0,0
1447323865.0,0
1447323805.0,8
1447323745.0,2
1447323685.0,0
1447323625.0,0
1447323565.0,2
1447323505.0,19
1447323445.0,0
1447323385.0,5
1447323325.0,5
1447323265.0,0
1447323205.0,2
1447323145.0,70
1447323085.0,11
1447322447.0,0
1447322387.0,2
1447322327.0,0
1447322267.0,8
1447322207.0,0
1447322147.0,0
1447322087.0,0
1447322027.0,2
1447321967.0,14
1447321907.0,0
1447321847.0,11
1447321787.0,11
1447321727.0,2
1447321667.0,0
1447321607.0,2
1447321547.0,2
1447321487.0,0
1447321427.0,0
1447321367.0,11
1447321307.0,16
1447321247.0,14
1447321187.0,0
1447321127.0,0
1447321067.0,2
1447321007.0,5
1447320947.0,16
1447320887.0,8
1447320827.0,0
1447320767.0,5
1447320707.0,2
1447320647.0,33
1447320587.0,16
1447320527.0,8
1447320467.0,8
1447320407.0,0
1447320347.0,19
1447320287.0,11
1447320227.0,33
1447320167.0,11
1447320107.0,0
1447320047.0,0
1447319987.0,16
1447319927.0,11
1447319867.0,0
1447319807.0,0
1447319747.0,0
1447319687.0,2
1447319627.0,0
1447319567.0,0
1447319507.0,5
1447319447.0,2
1447319387.0,0
1447319327.0,0
1447319267.0,14
1447319207.0,14
1447319147.0,0
1447319087.0,0
1447319027.0,0
1447318967.0,25
1447318907.0,2
1447318847.0,14
1447318787.0,25
1447318727.0,22
1447318667.0,8
1447318607.0,19
1447318547.0,22
1447318487.0,5
1447318427.0,16
1447318367.0,14
1447318307.0,0
1447318247.0,0
1447318187.0,0
1447318127.0,0
1447318067.0,0
1447318007.0,0
1447317947.0,0
1447317887.0,5
1447317827.0,19
1447317767.0,47
1447317707.0,36
1447317647.0,28
1447317587.0,8
1447317527.0,44
1447317467.0,22
1447317407.0,36
1447317347.0,25
1447317287.0,22
1447317227.0,8
1447317167.0,30
1447317107.0,11
1447317047.0,19
1447316987.0,8
1447316927.0,5
1447316867.0,0
1447316807.0,16
1447316747.0,39
1447316687.0,22
1447316627.0,56
1447316567.0,75
1447316507.0,0
1447316447.0,5
1447316387.0,2
1447316327.0,16
1447316267.0,5
1447316207.0,0
1447316147.0,5
1447316087.0,11
1447316027.0,42
1447315967.0,8
1447315907.0,53
1447315847.0,5
1447315787.0,0
1447315727.0,0
1447315667.0,8
1447315607.0,19
1447315547.0,22
1447315487.0,11
1447315427.0,8
1447315367.0,14
1447315307.0,0
1447315247.0,0
1447315187.0,30
1447315127.0,28
1447315067.0,2
1447315007.0,0
1447314947.0,0
1447314887.0,14
1447314827.0,16
1447314767.0,16
1447314707.0,25
1447314647.0,30
1447312067.0,36
1447312007.0,0
1447311947.0,0
1447311887.0,0
1447311827.0,0
1447311767.0,0
1447311707.0,0
1447311647.0,22
1447311587.0,44
1447311527.0,123
1447311467.0,14
1447294127.0,0
1447294067.0,0
1447294007.0,0
1447293947.0,0
1447293887.0,0
1447293827.0,0
1447293767.0,0
1447293707.0,0
1447293647.0,0
1447293587.0,0
1447293527.0,0
1447293467.0,0
1447293407.0,0
1447293347.0,2
1447293287.0,0
1447293227.0,0
1447293167.0,0
1447293107.0,0
1447293047.0,0
1447292987.0,0
1447292927.0,0
1447292867.0,0
1447292807.0,0
1447292747.0,0
1447292687.0,0
1447292627.0,0
1447292567.0,0
1447292507.0,0
1447292447.0,0
1447292387.0,0
1447292327.0,0
1447292267.0,0
1447292207.0,0
1447292147.0,0
1447292087.0,0
1447292027.0,0
1447291967.0,0
1447291907.0,0
1447291847.0,0
1447291787.0,0
1447291727.0,0
1447291667.0,0
1447291607.0,0
1447291547.0,0
1447291487.0,0
1447291427.0,0
1447291367.0,0
1447291307.0,0
1447291247.0,0
1447291187.0,0
1447291127.0,0
1447291067.0,0
1447291007.0,0
1447290947.0,0
1447290887.0,0
1447290827.0,0
1447290767.0,0
1447290707.0,0
1447290647.0,0
1447290587.0,0
1447290527.0,0
1447290467.0,0
1447290407.0,0
1447290347.0,0
1447290287.0,0
1447290227.0,0
1447290167.0,0
1447290107.0,0
1447290047.0,0
1447289987.0,0
1447289927.0,0
1447289867.0,0
1447289807.0,0
1447289747.0,0
1447289687.0,0
1447289627.0,0
1447289567.0,0
1447289507.0,0
1447289447.0,0
1447289387.0,0
1447289327.0,0
1447289267.0,8
1447289207.0,0
1447289147.0,0
1447289087.0,0
1447289027.0,0
1447288967.0,0
1447288907.0,0
1447288847.0,0
1447288787.0,0
1447288727.0,0
1447288667.0,0
1447288607.0,0
1447288547.0,0
1447288487.0,0
1447288427.0,0
1447288367.0,0
1447288307.0,0
1447288247.0,0
1447288187.0,0
1447288127.0,0
1447288067.0,0
1447288007.0,0
1447287947.0,0
1447287887.0,0
1447287827.0,0
1447287767.0,0
1447287707.0,0
1447287647.0,0
1447287587.0,0
1447287527.0,0
1447287467.0,0
1447287407.0,0
1447287347.0,0
1447287287.0,0
1447287227.0,0
1447287167.0,0
1447287107.0,0
1447287047.0,0
1447286987.0,0
1447286927.0,0
1447286867.0,0
1447286807.0,0
1447286747.0,0
1447286687.0,0
1447286627.0,0
1447286567.0,0
1447286507.0,0
1447286447.0,0
1447286387.0,0
1447286327.0,0
1447286267.0,0
1447286207.0,0
1447286147.0,0
1447286087.0,0
1447286027.0,0
1447285967.0,0
1447285907.0,0
1447285847.0,0
1447285787.0,0
1447285727.0,0
1447285667.0,0
1447285607.0,0
1447285547.0,0
1447285487.0,0
1447285427.0,0
1447285367.0,0
1447285307.0,0
1447285247.0,0
1447285187.0,0
1447285127.0,0
1447285067.0,0
1447285007.0,0
1447284947.0,0
1447284887.0,0
1447284827.0,0
1447284767.0,0
1447284707.0,0
1447284647.0,0
1447284587.0,0
1447284527.0,0
1447284467.0,0
1447284407.0,0
1447284347.0,0
1447284287.0,0
1447284227.0,0
1447284167.0,0
1447284107.0,0
1447284047.0,0
1447283987.0,0
1447283927.0,0
1447283867.0,0
1447283807.0,0
1447283747.0,0
1447283687.0,0
1447283627.0,0
1447283567.0,0
1447283507.0,0
1447283447.0,0
1447283387.0,0
1447283327.0,0
1447283267.0,0
1447283207.0,0
1447283147.0,0
1447283087.0,0
1447283027.0,0
1447282967.0,0
1447282907.0,0
1447282847.0,0
1447282787.0,0
1447282727.0,0
1447282667.0,0
1447282607.0,0
1447282547.0,0
1447282487.0,0
1447282427.0,0
1447282367.0,0
1447282307.0,0
1447282247.0,0
1447282187.0,0
1447282127.0,0
1447282067.0,0
1447282007.0,0
1447281947.0,0
1447281887.0,0
1447281827.0,0
1447281767.0,0
1447281707.0,0
1447281647.0,0
1447281587.0,0
1447281527.0,0
1447281467.0,0
1447281407.0,0
1447281347.0,0
1447281287.0,0
1447281227.0,0
1447281167.0,0
1447281107.0,0
1447281047.0,0
1447280987.0,0
1447280927.0,0
1447280867.0,0
1447280807.0,0
1447280747.0,0
1447280687.0,0
1447280627.0,0
1447280567.0,0
1447280507.0,0
1447280447.0,0
1447280387.0,0
1447280327.0,0
1447280267.0,0
1447280207.0,0
1447280147.0,0
1447280087.0,0
1447280027.0,0
1447279967.0,0
1447279907.0,0
1447279847.0,0
1447279787.0,0
1447279727.0,0
1447279667.0,0
1447279607.0,0
1447279547.0,0
1447279487.0,0
1447279427.0,0
1447279367.0,0
1447279307.0,0
1447279247.0,0
1447279187.0,0
1447279127.0,0
1447279067.0,0
1447279007.0,0
1447278947.0,0
1447278887.0,0
1447278827.0,0
1447278767.0,0
1447278707.0,0
1447278647.0,0
1447278587.0,0
1447278527.0,0
1447278467.0,0
1447278407.0,0
1447278347.0,0
1447278287.0,0
1447278227.0,0
1447278167.0,0
1447278107.0,0
1447278047.0,0
1447277987.0,0
1447277927.0,0
1447277867.0,0
1447277807.0,0
1447277747.0,0
1447277687.0,0
1447277627.0,0
1447277567.0,0
1447277507.0,0
1447277447.0,0
1447277387.0,0
1447277327.0,0
1447277267.0,0
1447277207.0,0
1447277147.0,0
1447277087.0,0
1447277027.0,0
1447276967.0,0
1447276907.0,0
1447276847.0,0
1447276787.0,0
1447276727.0,0
1447276667.0,0
1447276607.0,0
1447276547.0,0
1447276487.0,0
1447276427.0,0
1447276367.0,0
1447276307.0,0
1447276247.0,0
1447276187.0,0
1447276127.0,0
1447276067.0,0
1447276007.0,0
1447275947.0,0
1447275887.0,0
1447275827.0,0
1447275767.0,0
1447275707.0,0
1447275647.0,0
1447275587.0,0
1447275527.0,0
1447275467.0,0
1447275407.0,0
1447275347.0,0
1447275287.0,0
1447275227.0,0
1447275167.0,0
1447275107.0,0
1447275047.0,0
1447274987.0,0
1447274927.0,0
1447274867.0,0
1447274807.0,0
1447274747.0,0
1447274687.0,0
1447274627.0,0
1447274567.0,0
1447274507.0,0
1447274447.0,0
1447274387.0,0
1447274327.0,0
1447274267.0,0
1447274207.0,0
1447274147.0,0
1447274087.0,0
1447274027.0,0
1447273967.0,0
1447273907.0,0
1447273847.0,0
1447273787.0,0
1447273727.0,0
1447273667.0,0
1447273607.0,0
1447273547.0,0
1447273487.0,0
1447273427.0,0
1447273367.0,0
1447273307.0,0
1447273247.0,0
1447273187.0,0
1447273127.0,0
1447273067.0,0
1447273007.0,0
1447272947.0,0
1447272887.0,8
1447272827.0,44
1447272767.0,16
1447272707.0,14
1447272647.0,11
1447272587.0,0
1447272527.0,0
1447272467.0,0
1447272407.0,0
1447272347.0,0
1447272287.0,0
1447272227.0,0
1447272167.0,8
1447272107.0,42
1447272047.0,2
1447271987.0,0
1447271927.0,0
1447271867.0,0
1447271807.0,0
1447271747.0,2
1447271687.0,16
1447271627.0,8
1447271567.0,11
1447271507.0,33
1447271447.0,28
1447271387.0,47
1447271327.0,16
1447271267.0,25
1447271207.0,0
1447271147.0,0
1447271087.0,0
1447271027.0,0
1447270967.0,0
1447270907.0,0
1447270847.0,0
1447270787.0,0
1447270727.0,0
1447270667.0,0
1447270607.0,0
1447270547.0,0
1447270487.0,0
1447270427.0,0
1447270367.0,0
1447270307.0,2
1447270247.0,0
1447270187.0,0
1447270127.0,0
1447270067.0,0
1447270007.0,0
1447269947.0,0
1447269887.0,0
1447269827.0,0
1447269767.0,2
1447269707.0,0
1447269647.0,2
1447269587.0,0
1447269527.0,0
1447269467.0,0
1447269407.0,0
1447269347.0,0
1447269287.0,0
1447269227.0,0
1447269167.0,0
1447269107.0,0
1447269047.0,0
1447268987.0,5
1447268927.0,14
1447268867.0,5
1447268807.0,28
1447268747.0,44
1447268687.0,33
1447268627.0,0
1447268567.0,0
1447268507.0,2
1447268447.0,0
1447268387.0,0
1447268327.0,2
1447268267.0,0
1447268207.0,0
1447268147.0,5
1447268087.0,0
1447268027.0,0
1447267967.0,0
1447267907.0,0
1447267847.0,0
1447267787.0,0
1447267727.0,0
1447267667.0,0
1447267607.0,0
1447267547.0,0
1447267487.0,0
1447267427.0,0
1447267367.0,0
1447267307.0,0
1447267247.0,0
1447267187.0,0
1447267127.0,0
1447267067.0,2
1447267007.0,0
1447266947.0,0
1447266887.0,0
1447266827.0,2
1447266767.0,0
1447266707.0,5
1447266647.0,0
1447266587.0,0
1447266527.0,2
1447266467.0,0
1447266407.0,0
1447266347.0,0
1447266287.0,2
1447266227.0,0
1447266167.0,0
1447266107.0,0
1447266047.0,0
1447265987.0,0
1447265927.0,5
1447265867.0,0
1447265807.0,0
1447265747.0,0
1447265687.0,19
1447265627.0,50
1447265567.0,8
1447265507.0,33
1447265447.0,8
1447265387.0,0
1447265327.0,0
1447265267.0,0
1447265207.0,5
1447265147.0,0
1447265087.0,2
1447265027.0,8
1447264967.0,33
1447264907.0,25
1447264847.0,2
1447264787.0,0
1447264727.0,0
1447264667.0,5
1447264607.0,14
1447264547.0,8
1447264487.0,8
1447264427.0,11
1447264367.0,5
1447264307.0,0
1447264247.0,2
1447264187.0,0
1447264127.0,0
1447264067.0,2
1447264007.0,0
1447263947.0,11
1447263887.0,2
1447263827.0,0
1447263767.0,0
1447263707.0,0
1447263647.0,0
1447263587.0,0
1447263527.0,0
1447263467.0,0
1447263407.0,0
1447263347.0,0
1447263287.0,0
1447263227.0,0
1447263167.0,0
1447263107.0,8
1447263047.0,0
1447262987.0,0
1447262927.0,0
1447262867.0,0
1447262807.0,11
1447262747.0,0
1447262687.0,0
1447262627.0,0
1447262567.0,0
1447262507.0,0
1447262447.0,0
1447262387.0,0
1447262327.0,2
1447262267.0,5
1447262207.0,0
1447262147.0,0
1447262087.0,5
1447262027.0,2
1447261967.0,0
1447261907.0,5
1447261847.0,2
1447261787.0,5
1447261727.0,0
1447261667.0,0
1447261607.0,0
1447261547.0,0
1447261487.0,0
1447261427.0,0
1447261367.0,0
1447261307.0,0
1447261247.0,2
1447261187.0,0
1447261127.0,0
1447261067.0,0
1447261007.0,0
1447260947.0,8
1447260887.0,0
1447260827.0,0
1447260767.0,0
1447260707.0,0
1447260647.0,5
1447260587.0,5
1447260527.0,0
1447260467.0,0
1447260407.0,0
1447260347.0,0
1447260287.0,5
1447260227.0,16
1447260167.0,5
1447260107.0,5
1447260047.0,5
1447259987.0,22
1447259927.0,25
1447259867.0,28
1447259747.0,137
1447259687.0,11
1447259627.0,2
1447259567.0,8
1447259507.0,2
1447259447.0,0
1447259387.0,0
1447259327.0,0
1447259267.0,0
1447259207.0,0
1447259147.0,19
1447259087.0,2
1447259027.0,25
1447258967.0,22
1447258907.0,44
1447258847.0,22
1447258787.0,0
1447258727.0,0
1447258667.0,0
1447258607.0,0
1447258547.0,0
1447258487.0,0
1447258427.0,0
1447258367.0,0
1447258307.0,0
1447258247.0,0
1447258187.0,2
1447258127.0,100
1447258067.0,14
1447257630.0,14
1447257570.0,11
1447257510.0,0
1447257450.0,0
1447257390.0,0
1447257330.0,0
1447257270.0,2
1447257210.0,0
1447257150.0,22
1447257090.0,19
1447257030.0,30
1447256970.0,8
1447256910.0,25
1447256850.0,2
1447256790.0,0
1447256730.0,8
1447256670.0,0
1447256610.0,14
1447256550.0,81
1447256490.0,126
1447256430.0,89
1447256370.0,2
1447256310.0,0
1447256250.0,0
1447256190.0,0
1447256130.0,0
1447256070.0,0
1447256010.0,0
1447255950.0,0
1447255890.0,0
1447255830.0,0
1447255770.0,0
1447255710.0,8
1447255650.0,2
1447255590.0,98
1447255530.0,47
1447255470.0,92
1447255410.0,47
1447255350.0,58
1447255290.0,14
1447255230.0,112
1447255170.0,112
1447255110.0,148
1447255050.0,14
1447254990.0,0
1447254930.0,0
1447254870.0,0
1447254810.0,0
1447254750.0,0
1447254690.0,0
1447254630.0,0
1447254570.0,2
1447254510.0,0
1447254450.0,2
1447254390.0,56
1447254330.0,28
1447254270.0,2
1447254210.0,0
1447254150.0,8
1447254090.0,5
1447254030.0,2
1447253970.0,2
1447253910.0,28
1447253850.0,11
1447253790.0,8
1447253730.0,8
1447253670.0,2
1447253610.0,0
1447253550.0,2
1447253490.0,2
1447253430.0,5
1447253370.0,8
1447253310.0,2
1447253250.0,0
1447253190.0,14
1447253130.0,0
1447253070.0,2
1447253010.0,19
1447252950.0,25
1447252890.0,16
1447252830.0,5
1447252770.0,33
1447252710.0,5
1447252650.0,0
1447252590.0,2
1447252530.0,8
1447252470.0,5
1447252410.0,2
1447252350.0,11
1447252290.0,14
1447252230.0,8
1447252170.0,19
1447252110.0,8
1447252050.0,2
1447251990.0,5
1447251930.0,2
1447251870.0,2
1447251810.0,8
1447251750.0,14
1447251690.0,16
1447251630.0,8
1447251570.0,5
1447251510.0,33
1447251450.0,56
1447251390.0,14
1447251330.0,16
1447251270.0,14
1447251210.0,22
1447251150.0,8
1447251090.0,8
1447251030.0,0
1447250970.0,0
1447250910.0,2
1447250850.0,0
1447250790.0,25
1447250730.0,44
1447250670.0,30
1447250610.0,0
1447250550.0,5
1447250490.0,0
1447250430.0,16
1447250370.0,22
1447250310.0,72
1447250250.0,0
1447250190.0,14
1447250130.0,47
1447250070.0,22
1447250010.0,22
1447249950.0,8
1447249890.0,33
1447249830.0,14
1447249770.0,5
1447249710.0,8
1447249650.0,0
1447249590.0,8
1447249530.0,11
1447249470.0,16
1447249410.0,2
1447249350.0,0
1447249290.0,5
1447249230.0,0
1447249170.0,0
1447249110.0,2
1447249050.0,25
1447248990.0,14
1447248930.0,8
1447248870.0,16
1447248810.0,14
1447248750.0,14
1447248690.0,8
1447248630.0,25
1447248570.0,39
1447248510.0,30
1447248450.0,2
1447248390.0,0
1447248330.0,0
1447248270.0,14
1447248210.0,72
1447248150.0,19
1447248090.0,0
1447248030.0,0
1447247970.0,5
1447247910.0,16
1447247850.0,19
1447247790.0,30
1447247730.0,11
1447247670.0,25
1447247610.0,16
1447247550.0,0
1447247490.0,8
1447247430.0,33
1447247370.0,30
1447247310.0,2
1447247250.0,11
1447247190.0,5
1447247130.0,11
1447247070.0,5
1447247010.0,8
1447246950.0,16
1447246890.0,8
1447246830.0,28
1447246770.0,5
1447246710.0,0
1447246650.0,11
1447246590.0,0
1447246530.0,0
1447246470.0,28
1447246410.0,11
1447246350.0,5
1447246290.0,22
1447246230.0,0
1447246170.0,11
1447246110.0,19
1447246050.0,14
1447245990.0,8
1447245930.0,16
1447245870.0,11
1447245810.0,2
1447245750.0,8
1447245690.0,14
1447245630.0,0
1447245570.0,0
1447245510.0,0
1447245450.0,0
1447245390.0,0
1447245330.0,0
1447245270.0,0
1447245210.0,0
1447245150.0,5
1447245090.0,2
1447245030.0,0
1447244970.0,0
1447244910.0,0
1447244850.0,0
1447244790.0,0
1447244730.0,2
1447244670.0,2
1447244610.0,0
1447244550.0,2
1447244490.0,0
1447244430.0,0
1447244370.0,0
1447244310.0,19
1447244250.0,78
1447244190.0,64
1447244130.0,61
1447244070.0,2
1447244010.0,47
1447243950.0,50
1447243890.0,11
1447243830.0,2
1447243770.0,39
1447243710.0,2
1447243650.0,11
1447243590.0,0
1447243530.0,16
1447243470.0,5
1447243410.0,19
1447243350.0,14
1447243290.0,70
1447243230.0,30
1447243170.0,2
1447243110.0,11
1447243050.0,0
1447242990.0,14
1447242930.0,2
1447242870.0,5
1447242810.0,0
1447242750.0,0
1447242690.0,0
1447242630.0,5
1447242570.0,0
1447242510.0,5
1447242450.0,95
1447242390.0,109
1447242330.0,72
1447242270.0,42
1447242210.0,2
1447242150.0,2
1447242090.0,8
1447242030.0,5
1447241970.0,16
1447241910.0,5
1447241850.0,0
1447241790.0,2
1447241730.0,2
1447241670.0,16
1447241610.0,14
1447241550.0,2
1447241490.0,2
1447241430.0,5
1447241370.0,14
1447241310.0,5
1447241250.0,0
1447241190.0,0
1447241130.0,2
1447241070.0,5
1447241010.0,5
1447240950.0,47
1447240890.0,28
1447240830.0,14
1447240770.0,30
1447240710.0,30
1447240650.0,16
1447240590.0,14
1447240530.0,8
1447240470.0,0
1447240410.0,0
1447240350.0,5
1447240290.0,5
1447240230.0,0
1447240170.0,0
1447240110.0,47
1447240050.0,19
1447239990.0,14
1447239930.0,8
1447239870.0,70
1447239810.0,47
1447239750.0,5
1447239690.0,0
1447239630.0,5
1447239570.0,5
1447239510.0,2
1447239450.0,2
1447239390.0,39
1447239330.0,16
1447239270.0,5
1447239210.0,14
1447239150.0,11
1447239090.0,0
1447239030.0,0
1447238970.0,2
1447238910.0,0
1447238850.0,5
1447238790.0,8
1447238730.0,28
1447238670.0,16
1447238610.0,25
1447238550.0,8
1447238490.0,22
1447238430.0,11
1447238370.0,8
1447238310.0,0
1447238250.0,5
1447238190.0,0
1447238130.0,0
1447238070.0,2
1447238010.0,0
1447237950.0,42
1447237890.0,36
1447237830.0,16
1447237770.0,0
1447237710.0,2
1447237650.0,11
1447237590.0,16
1447237530.0,2
1447237470.0,2
1447237410.0,2
1447237350.0,5
1447237290.0,14
1447237230.0,0
1447237170.0,8
1447237110.0,0
1447237050.0,8
1447236990.0,2
1447236930.0,2
1447236870.0,0
1447236810.0,11
1447236750.0,5
1447236690.0,5
1447236630.0,5
1447236570.0,2
1447236510.0,8
1447236450.0,5
1447236390.0,14
1447236330.0,2
1447236270.0,8
1447236210.0,33
1447236150.0,11
1447236090.0,0
1447236030.0,16
1447235970.0,19
1447235910.0,19
1447235850.0,8
1447235790.0,8
1447235730.0,25
1447235670.0,2
1447235610.0,14
1447235550.0,11
1447235490.0,19
1447235430.0,8
1447235370.0,19
1447235310.0,8
1447235250.0,5
1447235190.0,8
1447235130.0,16
1447235070.0,19
1447235010.0,22
1447234950.0,14
1447234890.0,11
1447234830.0,58
1447234770.0,25
1447234710.0,14
1447234650.0,64
1447234590.0,33
1447234530.0,44
1447234470.0,19
1447234410.0,2
1447234350.0,44
1447234290.0,5
1447234230.0,25
1447234170.0,2
1447234110.0,0
1447234050.0,0
1447233990.0,5
1447233930.0,0
1447233870.0,0
1447233810.0,8
1447233750.0,19
1447233690.0,14
1447233630.0,0
1447233570.0,5
1447233510.0,36
1447233450.0,16
1447233390.0,0
1447233330.0,0
1447233270.0,0
1447233210.0,0
1447233150.0,5
1447233090.0,0
1447233030.0,0
1447232970.0,0
1447232910.0,5
1447232850.0,0
1447232790.0,8
1447232730.0,2
1447232670.0,0
1447232610.0,5
1447232550.0,11
1447232490.0,11
1447232430.0,0
1447232370.0,0
1447232310.0,2
1447232250.0,2
1447232190.0,2
1447232130.0,0
1447232070.0,0
1447232010.0,5
1447231950.0,2
1447231890.0,0
1447231830.0,2
1447231770.0,0
1447231710.0,0
1447231650.0,39
1447231590.0,16
1447231530.0,0
1447231470.0,0
1447231350.0,0
1447231290.0,0
1447231230.0,0
1447231170.0,0
1447231110.0,5
1447231050.0,0
1447230990.0,2
1447230930.0,2
1447230870.0,25
1447230810.0,11
1447230750.0,19
1447230690.0,14
1447230630.0,14
1447230570.0,5
1447230510.0,8
1447230450.0,0
1447230390.0,0
1447230330.0,0
1447230270.0,2
1447230210.0,0
1447230150.0,0
1447230090.0,11
1447230030.0,19
1447229970.0,11
1447229910.0,30
1447229850.0,14
1447229790.0,16
1447229730.0,16
1447229670.0,11
1447229610.0,16
1447229550.0,2
1447229490.0,2
1447229430.0,8
1447229370.0,0
1447229310.0,2
1447229250.0,5
1447229190.0,0
1447229130.0,0
1447229070.0,30
1447229010.0,5
1447228950.0,14
1447228890.0,14
1447228830.0,5
1447228770.0,8
1447228710.0,11
1447228650.0,19
1447228590.0,0
1447228530.0,0
1447228470.0,0
1447228410.0,30
1447228350.0,14
1447228230.0,0
1447228170.0,2
1447227585.0,0
1447227525.0,0
